ModelID,Accuracy,Precision,Recall,F1 Score,Parameter Count,Learning Rate,Batch size,Epoch,Optimizer,conv1,conv2,conv3,f1,f2,k1,k2,k3,max_val,max_val_index
cnn_20250420_1611_8250,95.5839%,96.1587%,94.9612%,95.5562%,34535,0.002,1024,50,adam,16,16,16,22,8,4,4,4,94.6045%,48
cnn_20250420_1620_5974,93.5900%,93.4807%,93.7157%,93.5981%,34535,0.002,1024,300,adam,16,16,16,22,8,4,4,4,94.6045%,48
cnn_20250420_1632_4433,87.9113%,85.7852%,90.8821%,88.2601%,34535,0.002,1024,5,adam,16,16,16,22,8,4,4,4,87.3952%,4
cnn_20250420_1635_3642,87.9113%,85.7852%,90.8821%,88.2601%,34535,0.002,1024,5,adam,16,16,16,22,8,4,4,4,87.3952%,4
cnn_20250420_1640_2977,93.5158%,93.8818%,93.0987%,93.4886%,34535,0.002,32,200,adam,16,16,16,22,8,4,4,4,94.5130%,10
cnn_20250420_1715_4414,94.8640%,94.8282%,94.9040%,94.8661%,137673,0.002,1024,200,adam,32,32,32,44,18,4,4,4,95.0084%,24
cnn_20250420_1729_8299,95.8981%,96.1406%,95.6353%,95.8873%,549569,0.002,1024,200,adam,64,64,64,88,36,4,4,4,95.5647%,12
cnn_20250420_2303_4363,95.2011%,96.1826%,94.1385%,95.1496%,137673,0.002,1024,110,adam,32,32,32,44,18,4,4,4,95.3666%,24
cnn_20250420_2308_8398,90.1451%,87.6379%,93.4758%,90.4628%,137673,0.002,1024,110,adam,32,32,32,44,18,4,4,4,91.7619%,107
cnn_20250420_2312_7737,93.8471%,94.4207%,93.2016%,93.8071%,137673,0.002,1024,250,adam,32,32,32,44,18,4,4,4,94.1091%,213
cnn_20250420_2325_6503,93.2358%,93.9795%,92.3903%,93.1782%,137673,0.002,1024,250,adam,32,32,32,44,18,4,4,4,93.5985%,227
cnn_20250421_1114_8405,94.5327%,94.3957%,94.6869%,94.5411%,137673,0.002,1024,110,adam,32,32,32,44,18,4,4,4,94.2070%,34
cnn_20250421_1138_2757,94.9097%,94.9560%,94.8583%,94.9071%,137673,0.002,1024,110,adam,32,32,32,44,18,4,4,4,95.1837%,24
cnn_20250421_1202_2336,95.4182%,94.3243%,96.6522%,95.4740%,137673,0.002,1024,110,adam,32,32,32,44,18,4,4,4,95.7400%,57
cnn_20250424_1348_4448,95.4182%,94.3243%,96.6522%,95.4740%,137673,0.002,1024,110,adam,32,32,32,44,18,4,4,4,95.7400%,57
cnn_20250424_1352_2491,95.4182%,94.3243%,96.6522%,95.4740%,137673,0.002,1024,110,adam,32,32,32,44,18,4,4,4,95.7400%,57
cnn_20250424_1402_6273,94.4927%,94.3508%,94.6527%,94.5015%,137673,0.002,1024,110,adam,32,32,32,44,18,4,4,4,92.9813%,102
cnn_20250424_1408_9350,50.0000%,50.0000%,100.0000%,66.6667%,137673,0.002,1024,200,adam,32,32,32,44,18,4,4,4,50.4191%,4
cnn_20250424_1435_7752,93.1559%,92.0040%,94.5270%,93.2484%,137673,0.002,1024,200,adam,32,32,32,44,18,4,4,4,92.2420%,194
cnn_20250424_1441_1860,96.0923%,96.2297%,95.9438%,96.0865%,137673,0.002,1024,200,adam,32,32,32,44,18,4,4,4,94.9398%,169
cnn_20250424_1537_5971,94.5898%,95.2989%,93.8071%,94.5471%,137673,0.002,1024,200,adam,32,32,32,44,18,4,4,4,92.9965%,179

-- L2 regularisation

cnn_20250424_1554_8889,96.6636%,97.2139%,96.0809%,96.6441%,137673,0.002,1024,200,adam,32,32,32,44,18,4,4,4,95.8086%,192
cnn_20250424_1554_5298,95.0183%,95.4231%,94.5727%,94.9960%,137673,0.002,1024,200,adam,32,32,32,44,18,4,4,4,95.4733%,26
cnn_20250424_1554_5506,95.0697%,95.5643%,94.5270%,95.0428%,137673,0.002,1024,200,adam,32,32,32,44,18,4,4,4,95.3742%,32
cnn_20250424_1554_5113,95.3096%,95.3252%,95.2925%,95.3088%,137673,0.002,1024,200,adam,32,32,32,44,18,4,4,4,95.5571%,40
cnn_20250424_1554_9206,96.6408%,97.6646%,95.5667%,96.6043%,137673,0.002,1024,200,adam,32,32,32,44,18,4,4,4,96.1058%,199
cnn_20250424_1555_7091,96.6408%,97.6646%,95.5667%,96.6043%,137673,0.002,1024,200,adam,32,32,32,44,18,4,4,4,96.1058%,199
cnn_20250424_1554_9622,95.0240%,96.0285%,93.9328%,94.9691%,137673,0.002,1024,200,adam,32,32,32,44,18,4,4,4,93.3166%,85
cnn_20250424_1554_1612,95.3553%,95.3398%,95.3725%,95.3561%,137673,0.002,1024,200,adam,32,32,32,44,18,4,4,4,95.5037%,36
cnn_20250424_1554_8604,94.7326%,93.8508%,95.7381%,94.7851%,137673,0.002,1024,200,adam,32,32,32,44,18,4,4,4,95.4047%,25
cnn_20250424_1554_2827,95.6924%,95.8811%,95.4867%,95.6835%,137673,0.002,1024,200,adam,32,32,32,44,18,4,4,4,94.7340%,199

cnn_20250424_1611_8198,94.4070%,92.8170%,96.2637%,94.5089%,197217,0.002,1024,200,adam,32,32,32,64,32,4,4,4,95.0541%,16
cnn_20250424_1611_1156,94.6869%,94.0428%,95.4182%,94.7255%,197217,0.002,1024,200,adam,32,32,32,64,32,4,4,4,95.2446%,19
cnn_20250424_1611_9065,96.4408%,97.6104%,95.2125%,96.3966%,197217,0.002,1024,200,adam,32,32,32,64,32,4,4,4,95.8619%,198
cnn_20250424_1611_2819,95.4810%,96.4523%,94.4356%,95.4333%,197217,0.002,1024,200,adam,32,32,32,64,32,4,4,4,95.4428%,27
cnn_20250424_1611_3667,95.6353%,95.0892%,96.2409%,95.6616%,197217,0.002,1024,200,adam,32,32,32,64,32,4,4,4,95.6028%,28
cnn_20250424_1611_3263,96.5094%,97.1068%,95.8752%,96.4871%,197217,0.002,1024,200,adam,32,32,32,64,32,4,4,4,95.9457%,121
cnn_20250424_1611_8581,95.2582%,96.4579%,93.9671%,95.1962%,197217,0.002,1024,200,adam,32,32,32,64,32,4,4,4,95.1151%,26
cnn_20250424_1611_7611,95.4982%,97.3822%,93.5101%,95.4069%,197217,0.002,1024,200,adam,32,32,32,64,32,4,4,4,94.7798%,169
cnn_20250424_1611_1900,95.0526%,96.8401%,93.1444%,94.9563%,197217,0.002,1024,200,adam,32,32,32,64,32,4,4,4,93.8881%,192
cnn_20250424_1611_9352,96.5094%,97.1068%,95.8752%,96.4871%,197217,0.002,1024,200,adam,32,32,32,64,32,4,4,4,95.9457%,121

cnn_20250424_1629_3361,95.6924%,95.8811%,95.4867%,95.6835%,137673,0.002,1024,200,adam,32,32,32,44,18,4,4,4,94.7340%,199
cnn_20250424_1630_3544,95.0240%,96.0285%,93.9328%,94.9691%,137673,0.002,1024,200,adam,32,32,32,44,18,4,4,4,93.3166%,85
cnn_20250424_1630_6488,94.7326%,93.8508%,95.7381%,94.7851%,137673,0.002,1024,200,adam,32,32,32,44,18,4,4,4,95.4047%,25
cnn_20250424_1629_2329,95.3096%,95.3252%,95.2925%,95.3088%,137673,0.002,1024,200,adam,32,32,32,44,18,4,4,4,95.5571%,40
cnn_20250424_1630_4158,96.6408%,97.6646%,95.5667%,96.6043%,137673,0.002,1024,200,adam,32,32,32,44,18,4,4,4,96.1058%,199
cnn_20250424_1630_3276,95.0697%,95.5643%,94.5270%,95.0428%,137673,0.002,1024,200,adam,32,32,32,44,18,4,4,4,95.3742%,32
cnn_20250424_1629_6650,96.6636%,97.2139%,96.0809%,96.6441%,137673,0.002,1024,200,adam,32,32,32,44,18,4,4,4,95.8086%,192
cnn_20250424_1630_5261,95.3553%,95.3398%,95.3725%,95.3561%,137673,0.002,1024,200,adam,32,32,32,44,18,4,4,4,95.5037%,36
cnn_20250424_1630_5583,95.0183%,95.4231%,94.5727%,94.9960%,137673,0.002,1024,200,adam,32,32,32,44,18,4,4,4,95.4733%,26
cnn_20250424_1629_9133,96.6408%,97.6646%,95.5667%,96.6043%,137673,0.002,1024,200,adam,32,32,32,44,18,4,4,4,96.1058%,199
cnn_20250424_1643_8243,96.6408%,97.6646%,95.5667%,96.6043%,137673,0.002,1024,200,adam,32,32,32,44,18,4,4,4,96.1058%,199
cnn_20250424_1700_4767,96.6636%,97.2030%,96.0923%,96.6444%,137673,0.002,1024,200,adam,32,32,32,44,18,4,4,4,96.1210%,176

cnn_20250424_1709_1644,96.2409%,96.3255%,96.1495%,96.2374%,137673,0.002,1024,200,adam,32,32,32,44,18,4,4,4,96.1820%,76
cnn_20250424_1709_8365,96.1323%,95.9695%,96.3094%,96.1392%,137673,0.002,1024,200,adam,32,32,32,44,18,4,4,4,96.1058%,139
cnn_20250424_1709_2669,96.3037%,96.2561%,96.3551%,96.3056%,137673,0.002,1024,200,adam,32,32,32,44,18,4,4,4,96.2125%,185
cnn_20250424_1709_4602,96.8807%,97.1826%,96.5608%,96.8707%,137673,0.002,1024,200,adam,32,32,32,44,18,4,4,4,96.3954%,143
cnn_20250424_1709_3042,96.3894%,96.1678%,96.6293%,96.3980%,137673,0.002,1024,200,adam,32,32,32,44,18,4,4,4,96.2430%,62
cnn_20250424_1709_7713,96.5037%,96.7386%,96.2523%,96.4948%,137673,0.002,1024,200,adam,32,32,32,44,18,4,4,4,96.3039%,183
cnn_20250424_1709_7542,96.9150%,96.9257%,96.9036%,96.9146%,137673,0.002,1024,200,adam,32,32,32,44,18,4,4,4,96.4106%,176
cnn_20250424_1709_8941,96.7722%,97.1113%,96.4122%,96.7605%,137673,0.002,1024,200,adam,32,32,32,44,18,4,4,4,96.4868%,192
cnn_20250424_1709_4805,96.9207%,97.1632%,96.6636%,96.9128%,137673,0.002,1024,200,adam,32,32,32,44,18,4,4,4,96.3725%,132
cnn_20250424_1709_7223,96.9835%,97.5486%,96.3894%,96.9655%,137673,0.002,1024,200,adam,32,32,32,44,18,4,4,4,96.5478%,122
cnn_20250424_1719_6925,96.4808%,97.1816%,95.7381%,96.4545%,137673,0.002,1024,200,adam,32,32,32,44,18,4,4,4,96.2963%,75
cnn_20250424_1719_4141,96.8979%,96.9569%,96.8350%,96.8959%,137673,0.002,1024,200,adam,32,32,32,44,18,4,4,4,96.6240%,132
cnn_20250424_1720_2689,96.8350%,97.6961%,95.9324%,96.8062%,137673,0.002,1024,200,adam,32,32,32,44,18,4,4,4,96.6164%,192
cnn_20250424_1720_7514,96.7550%,97.5593%,95.9095%,96.7274%,137673,0.002,1024,200,adam,32,32,32,44,18,4,4,4,96.3039%,106
cnn_20250424_1720_2723,96.9664%,97.6580%,96.2409%,96.9442%,137673,0.002,1024,200,adam,32,32,32,44,18,4,4,4,96.5478%,194
cnn_20250424_1720_5155,96.9778%,97.2749%,96.6636%,96.9683%,137673,0.002,1024,200,adam,32,32,32,44,18,4,4,4,96.5021%,183
cnn_20250424_1720_4839,96.8236%,97.2555%,96.3665%,96.8090%,137673,0.002,1024,200,adam,32,32,32,44,18,4,4,4,96.5249%,148
cnn_20250424_1720_4601,96.6979%,98.6548%,94.6869%,96.6301%,137673,0.002,1024,200,adam,32,32,32,44,18,4,4,4,96.4258%,160
cnn_20250424_1720_5505,96.9436%,97.2730%,96.5951%,96.9329%,137673,0.002,1024,200,adam,32,32,32,44,18,4,4,4,96.5859%,158
cnn_20250424_1719_3705,96.8807%,96.6250%,97.1549%,96.8892%,137673,0.002,1024,200,adam,32,32,32,44,18,4,4,4,96.5935%,192
cnn_20250424_1730_8168,95.7952%,97.1862%,94.3213%,95.7323%,137673,0.002,1024,200,adam,32,32,32,44,18,4,4,4,94.8255%,170
cnn_20250424_1730_2419,95.6067%,96.6025%,94.5384%,95.5593%,137673,0.002,1024,200,adam,32,32,32,44,18,4,4,4,94.4140%,132
cnn_20250424_1730_9670,96.8350%,98.0314%,95.5896%,96.7951%,137673,0.002,1024,200,adam,32,32,32,44,18,4,4,4,96.4944%,162
cnn_20250424_1730_7066,95.8352%,96.0827%,95.5667%,95.8240%,137673,0.002,1024,200,adam,32,32,32,44,18,4,4,4,94.8941%,152
cnn_20250424_1730_6995,96.8807%,98.1234%,95.5896%,96.8399%,137673,0.002,1024,200,adam,32,32,32,44,18,4,4,4,96.5859%,164
cnn_20250424_1730_1439,95.7096%,96.4796%,94.8812%,95.6737%,137673,0.002,1024,200,adam,32,32,32,44,18,4,4,4,94.6121%,178
cnn_20250424_1730_5995,97.0064%,97.8483%,96.1266%,96.9798%,137673,0.002,1024,200,adam,32,32,32,44,18,4,4,4,96.6545%,157
cnn_20250424_1730_4349,96.5436%,98.5461%,94.4813%,96.4709%,137673,0.002,1024,200,adam,32,32,32,44,18,4,4,4,96.1820%,181
cnn_20250424_1730_2883,96.8979%,97.5884%,96.1723%,96.8752%,137673,0.002,1024,200,adam,32,32,32,44,18,4,4,4,96.2582%,199
cnn_20250424_1730_9087,95.3668%,96.6295%,94.0128%,95.3032%,137673,0.002,1024,200,adam,32,32,32,44,18,4,4,4,94.1930%,152
cnn_20250424_1740_7484,95.7553%,96.8527%,94.5841%,95.7050%,137673,0.002,1024,200,adam,32,32,32,44,18,4,4,4,94.9398%,170
cnn_20250424_1740_7840,95.7096%,96.9597%,94.3784%,95.6517%,137673,0.002,1024,200,adam,32,32,32,44,18,4,4,4,94.7417%,132
cnn_20250424_1740_2122,95.3896%,96.5873%,94.1042%,95.3296%,137673,0.002,1024,200,adam,32,32,32,44,18,4,4,4,94.1777%,192
cnn_20250424_1740_6447,95.6124%,96.7995%,94.3441%,95.5561%,137673,0.002,1024,200,adam,32,32,32,44,18,4,4,4,94.6045%,123
cnn_20250424_1740_6264,95.6581%,96.1538%,95.1211%,95.6347%,137673,0.002,1024,200,adam,32,32,32,44,18,4,4,4,94.6045%,169
cnn_20250424_1740_1960,95.6124%,97.3997%,93.7271%,95.5281%,137673,0.002,1024,200,adam,32,32,32,44,18,4,4,4,94.4825%,198
cnn_20250424_1741_2473,95.6524%,96.2389%,95.0183%,95.6247%,137673,0.002,1024,200,adam,32,32,32,44,18,4,4,4,94.4749%,194
cnn_20250424_1740_8367,95.8695%,97.0799%,94.5841%,95.8157%,137673,0.002,1024,200,adam,32,32,32,44,18,4,4,4,94.7569%,139
cnn_20250424_1741_7677,95.3268%,95.4202%,95.2239%,95.3220%,137673,0.002,1024,200,adam,32,32,32,44,18,4,4,4,93.9796%,171
cnn_20250424_1741_3597,95.3611%,95.3818%,95.3382%,95.3600%,137673,0.002,1024,200,adam,32,32,32,44,18,4,4,4,94.3606%,169
cnn_20250424_1750_5120,95.8295%,96.3378%,95.2811%,95.8065%,137673,0.002,1024,200,adam,32,32,32,44,18,4,4,4,94.8255%,191
cnn_20250424_1750_7338,95.5667%,96.5453%,94.5155%,95.5196%,137673,0.002,1024,200,adam,32,32,32,44,18,4,4,4,94.8102%,132
cnn_20250424_1750_8197,95.3725%,96.0566%,94.6298%,95.3379%,137673,0.002,1024,200,adam,32,32,32,44,18,4,4,4,94.2082%,169
cnn_20250424_1751_2675,95.5039%,96.3674%,94.5727%,95.4616%,137673,0.002,1024,200,adam,32,32,32,44,18,4,4,4,94.3378%,169
cnn_20250424_1750_8474,95.4296%,96.5138%,94.2642%,95.3757%,137673,0.002,1024,200,adam,32,32,32,44,18,4,4,4,94.4292%,157
cnn_20250424_1751_8998,95.5782%,96.3837%,94.7098%,95.5394%,137673,0.002,1024,200,adam,32,32,32,44,18,4,4,4,94.6807%,178
cnn_20250424_1751_1444,95.7838%,96.6256%,94.8812%,95.7454%,137673,0.002,1024,200,adam,32,32,32,44,18,4,4,4,94.7188%,123
cnn_20250424_1751_3342,95.2925%,96.0930%,94.4241%,95.2513%,137673,0.002,1024,200,adam,32,32,32,44,18,4,4,4,94.5892%,123
cnn_20250424_1751_7142,95.1097%,95.5679%,94.6069%,95.0850%,137673,0.002,1024,200,adam,32,32,32,44,18,4,4,4,93.9186%,194
cnn_20250424_1751_3165,95.3439%,96.0757%,94.5498%,95.3067%,137673,0.002,1024,200,adam,32,32,32,44,18,4,4,4,94.2920%,140
cnn_20250424_1800_3970,96.1666%,96.2670%,96.0580%,96.1624%,137673,0.002,1024,200,adam,32,32,32,44,18,4,4,4,96.0677%,48
cnn_20250424_1800_2526,96.4808%,97.4236%,95.4867%,96.4455%,137673,0.002,1024,200,adam,32,32,32,44,18,4,4,4,96.2887%,198
cnn_20250424_1801_3685,96.7322%,96.3194%,97.1778%,96.7467%,137673,0.002,1024,200,adam,32,32,32,44,18,4,4,4,96.4106%,93
cnn_20250424_1801_6807,96.5494%,96.1277%,97.0064%,96.5651%,137673,0.002,1024,200,adam,32,32,32,44,18,4,4,4,96.3420%,148
cnn_20250424_1801_2027,96.8350%,96.5056%,97.1892%,96.8462%,137673,0.002,1024,200,adam,32,32,32,44,18,4,4,4,96.5630%,157
cnn_20250424_1801_5867,96.8979%,97.1294%,96.6522%,96.8902%,137673,0.002,1024,200,adam,32,32,32,44,18,4,4,4,96.4030%,189
cnn_20250424_1801_9741,96.5037%,97.1939%,95.7724%,96.4779%,137673,0.002,1024,200,adam,32,32,32,44,18,4,4,4,96.2506%,72
cnn_20250424_1801_8156,96.8122%,96.9516%,96.6636%,96.8074%,137673,0.002,1024,200,adam,32,32,32,44,18,4,4,4,96.4868%,157
cnn_20250424_1801_5931,96.8521%,97.7080%,95.9552%,96.8237%,137673,0.002,1024,200,adam,32,32,32,44,18,4,4,4,96.4106%,157
cnn_20250424_1801_7244,96.9550%,96.8533%,97.0635%,96.9583%,137673,0.002,1024,200,adam,32,32,32,44,18,4,4,4,96.4792%,196
cnn_20250424_1810_5003,96.7493%,96.6480%,96.8579%,96.7528%,137673,0.002,1024,200,adam,32,32,32,44,18,4,4,4,96.4640%,126
cnn_20250424_1810_9172,96.8807%,97.4774%,96.2523%,96.8610%,137673,0.002,1024,200,adam,32,32,32,44,18,4,4,4,96.5325%,157
cnn_20250424_1811_5710,96.9550%,97.4155%,96.4694%,96.9401%,137673,0.002,1024,200,adam,32,32,32,44,18,4,4,4,96.5554%,154
cnn_20250424_1811_1184,97.0750%,97.0965%,97.0521%,97.0743%,137673,0.002,1024,200,adam,32,32,32,44,18,4,4,4,96.4868%,192
cnn_20250424_1811_9874,96.9093%,97.7439%,96.0352%,96.8820%,137673,0.002,1024,200,adam,32,32,32,44,18,4,4,4,96.2201%,164
cnn_20250424_1811_4986,96.8750%,97.5322%,96.1837%,96.8532%,137673,0.002,1024,200,adam,32,32,32,44,18,4,4,4,96.3801%,143
cnn_20250424_1811_1374,97.0635%,97.7067%,96.3894%,97.0436%,137673,0.002,1024,200,adam,32,32,32,44,18,4,4,4,96.5325%,111
cnn_20250424_1811_5588,96.8521%,98.0096%,95.6467%,96.8137%,137673,0.002,1024,200,adam,32,32,32,44,18,4,4,4,96.3573%,189
cnn_20250424_1811_8617,96.9436%,97.3712%,96.4922%,96.9297%,137673,0.002,1024,200,adam,32,32,32,44,18,4,4,4,96.5021%,195
cnn_20250424_1811_1342,96.8693%,97.7643%,95.9324%,96.8397%,137673,0.002,1024,200,adam,32,32,32,44,18,4,4,4,96.3573%,192
cnn_20250424_1819_2404,97.1378%,97.8097%,96.4351%,97.1175%,137673,0.002,1024,200,adam,32,32,32,44,18,4,4,4,96.6392%,165
cnn_20250424_1820_7241,96.8064%,97.8843%,95.6810%,96.7701%,137673,0.002,1024,200,adam,32,32,32,44,18,4,4,4,96.3344%,197
cnn_20250424_1820_4713,97.0407%,97.4746%,96.5836%,97.0271%,137673,0.002,1024,200,adam,32,32,32,44,18,4,4,4,96.3954%,176
cnn_20250424_1820_9753,96.9835%,97.5266%,96.4122%,96.9662%,137673,0.002,1024,200,adam,32,32,32,44,18,4,4,4,96.4335%,197
cnn_20250424_1820_9623,94.6469%,94.8674%,94.4013%,94.6338%,137673,0.002,1024,200,adam,32,32,32,44,18,4,4,4,93.4614%,191
cnn_20250424_1820_7057,96.7207%,97.4472%,95.9552%,96.6955%,137673,0.002,1024,200,adam,32,32,32,44,18,4,4,4,96.2277%,162
cnn_20250424_1821_7509,94.3270%,95.3796%,93.1673%,94.2604%,137673,0.002,1024,200,adam,32,32,32,44,18,4,4,4,92.5316%,186
cnn_20250424_1821_8667,94.1556%,94.9831%,93.2358%,94.1014%,137673,0.002,1024,200,adam,32,32,32,44,18,4,4,4,92.5011%,193
cnn_20250424_1821_7122,94.6241%,96.1807%,92.9388%,94.5319%,137673,0.002,1024,200,adam,32,32,32,44,18,4,4,4,92.9736%,182
cnn_20250424_1821_4307,94.3784%,94.8499%,93.8528%,94.3487%,137673,0.002,1024,200,adam,32,32,32,44,18,4,4,4,92.7298%,193
cnn_20250424_1828_6468,94.7612%,96.6536%,92.7331%,94.6527%,137673,0.002,1024,200,adam,32,32,32,44,18,4,4,4,93.2480%,191
cnn_20250424_1829_1320,93.9385%,93.3393%,94.6298%,93.9801%,137673,0.002,1024,200,adam,32,32,32,44,18,4,4,4,92.7145%,132
cnn_20250424_1829_3945,94.2128%,95.0728%,93.2587%,94.1570%,137673,0.002,1024,200,adam,32,32,32,44,18,4,4,4,92.5316%,192
cnn_20250424_1830_6627,94.2070%,94.7076%,93.6472%,94.1744%,137673,0.002,1024,200,adam,32,32,32,44,18,4,4,4,92.4326%,106
cnn_20250424_1830_4937,94.0185%,94.6356%,93.3272%,93.9769%,137673,0.002,1024,200,adam,32,32,32,44,18,4,4,4,92.5316%,186
cnn_20250424_1830_7333,94.5612%,95.9797%,93.0187%,94.4760%,137673,0.002,1024,200,adam,32,32,32,44,18,4,4,4,93.1794%,106
cnn_20250424_1830_2790,93.9785%,94.7871%,93.0759%,93.9237%,137673,0.002,1024,200,adam,32,32,32,44,18,4,4,4,92.4554%,186
cnn_20250424_1830_6317,94.4927%,95.8549%,93.0073%,94.4096%,137673,0.002,1024,200,adam,32,32,32,44,18,4,4,4,92.5621%,170
cnn_20250424_1830_8833,94.0071%,94.3466%,93.6243%,93.9841%,137673,0.002,1024,200,adam,32,32,32,44,18,4,4,4,92.4249%,193
cnn_20250424_1830_4488,94.0471%,94.1783%,93.8985%,94.0382%,137673,0.002,1024,200,adam,32,32,32,44,18,4,4,4,92.6688%,193
cnn_20250424_1837_4131,94.5784%,96.4188%,92.5960%,94.4687%,137673,0.002,1024,200,adam,32,32,32,44,18,4,4,4,93.1337%,106
cnn_20250424_1839_2186,93.7900%,93.3884%,94.2527%,93.8186%,137673,0.002,1024,200,adam,32,32,32,44,18,4,4,4,92.5164%,181
cnn_20250424_1839_2012,94.0642%,94.1803%,93.9328%,94.0564%,137673,0.002,1024,200,adam,32,32,32,44,18,4,4,4,92.3563%,132
cnn_20250424_1840_3933,94.2470%,95.3189%,93.0644%,94.1782%,137673,0.002,1024,200,adam,32,32,32,44,18,4,4,4,92.4783%,85
cnn_20250424_1840_4460,94.0585%,94.7955%,93.2358%,94.0092%,137673,0.002,1024,200,adam,32,32,32,44,18,4,4,4,92.3792%,176
cnn_20250424_1840_1453,94.6355%,96.2253%,92.9159%,94.5416%,137673,0.002,1024,200,adam,32,32,32,44,18,4,4,4,93.3013%,193
cnn_20250424_1840_5519,94.2128%,95.8309%,92.4474%,94.1088%,137673,0.002,1024,200,adam,32,32,32,44,18,4,4,4,92.6383%,194
cnn_20250424_1840_7575,94.3327%,96.3118%,92.1961%,94.2090%,137673,0.002,1024,200,adam,32,32,32,44,18,4,4,4,92.7145%,106
cnn_20250424_1840_9091,94.3384%,94.6086%,94.0356%,94.3212%,137673,0.002,1024,200,adam,32,32,32,44,18,4,4,4,92.5850%,159
cnn_20250424_1840_6243,93.9442%,94.7834%,93.0073%,93.8870%,137673,0.002,1024,200,adam,32,32,32,44,18,4,4,4,92.6078%,162
cnn_20250424_1845_8216,96.0580%,98.3565%,93.6814%,95.9621%,137673,0.002,1024,200,adam,32,32,32,44,18,4,4,4,95.5723%,164
cnn_20250424_1847_1322,96.5951%,97.3525%,95.7952%,96.5676%,137673,0.002,1024,200,adam,32,32,32,44,18,4,4,4,95.6180%,189
cnn_20250424_1848_4998,96.3037%,97.5813%,94.9612%,96.2534%,137673,0.002,1024,200,adam,32,32,32,44,18,4,4,4,95.5571%,169
cnn_20250424_1849_6337,96.5265%,96.8800%,96.1495%,96.5134%,137673,0.002,1024,200,adam,32,32,32,44,18,4,4,4,95.4656%,192
cnn_20250424_1849_5820,96.3037%,96.2878%,96.3208%,96.3043%,137673,0.002,1024,200,adam,32,32,32,44,18,4,4,4,95.3818%,189
cnn_20250424_1849_8258,96.2294%,98.3393%,94.0471%,96.1453%,137673,0.002,1024,200,adam,32,32,32,44,18,4,4,4,95.6943%,193
cnn_20250424_1849_7945,96.6122%,97.7190%,95.4525%,96.5725%,137673,0.002,1024,200,adam,32,32,32,44,18,4,4,4,95.6104%,165
cnn_20250424_1850_5676,96.2351%,96.7317%,95.7038%,96.2150%,137673,0.002,1024,200,adam,32,32,32,44,18,4,4,4,95.3285%,164
cnn_20250424_1850_6134,96.4408%,97.8683%,94.9497%,96.3869%,137673,0.002,1024,200,adam,32,32,32,44,18,4,4,4,95.6485%,189
cnn_20250424_1850_6318,96.3894%,97.3746%,95.3496%,96.3515%,137673,0.002,1024,200,adam,32,32,32,44,18,4,4,4,95.4961%,176
cnn_20250424_1854_7437,96.6693%,97.8111%,95.4753%,96.6291%,137673,0.002,1024,200,adam,32,32,32,44,18,4,4,4,95.7400%,176
cnn_20250424_1856_8881,96.4865%,98.0399%,94.8697%,96.4288%,137673,0.002,1024,200,adam,32,32,32,44,18,4,4,4,95.5266%,164
cnn_20250424_1858_7083,96.5665%,96.8502%,96.2637%,96.5561%,137673,0.002,1024,200,adam,32,32,32,44,18,4,4,4,95.6028%,192
cnn_20250424_1858_4444,96.2809%,97.6810%,94.8126%,96.2254%,137673,0.002,1024,200,adam,32,32,32,44,18,4,4,4,95.3437%,177
cnn_20250424_1859_1059,96.4065%,96.9483%,95.8295%,96.3857%,137673,0.002,1024,200,adam,32,32,32,44,18,4,4,4,95.3437%,150
cnn_20250424_1859_1455,96.4808%,97.7914%,95.1097%,96.4319%,137673,0.002,1024,200,adam,32,32,32,44,18,4,4,4,95.6409%,181
cnn_20250424_1859_1609,96.5265%,97.5812%,95.4182%,96.4876%,137673,0.002,1024,200,adam,32,32,32,44,18,4,4,4,95.6028%,171
cnn_20250424_1900_7134,96.2694%,96.8529%,95.6467%,96.2460%,137673,0.002,1024,200,adam,32,32,32,44,18,4,4,4,95.3818%,196
cnn_20250424_1859_5586,96.2923%,96.8327%,95.7153%,96.2708%,137673,0.002,1024,200,adam,32,32,32,44,18,4,4,4,95.2675%,166
cnn_20250424_1900_3432,96.0580%,96.7200%,95.3496%,96.0299%,137673,0.002,1024,200,adam,32,32,32,44,18,4,4,4,95.0312%,150
cnn_20250424_1903_2236,96.3608%,97.8084%,94.8469%,96.3049%,137673,0.002,1024,200,adam,32,32,32,44,18,4,4,4,95.3513%,191
cnn_20250424_1905_7947,96.1952%,97.3530%,94.9726%,96.1481%,137673,0.002,1024,200,adam,32,32,32,44,18,4,4,4,95.3970%,157
cnn_20250424_1906_6134,96.2237%,97.2219%,95.1668%,96.1834%,137673,0.002,1024,200,adam,32,32,32,44,18,4,4,4,95.2599%,102
cnn_20250424_1908_6621,96.1437%,96.6609%,95.5896%,96.1222%,137673,0.002,1024,200,adam,32,32,32,44,18,4,4,4,95.2827%,194
cnn_20250424_1908_2507,96.0523%,96.3010%,95.7838%,96.0417%,137673,0.002,1024,200,adam,32,32,32,44,18,4,4,4,95.0922%,194
cnn_20250424_1909_2143,96.8293%,97.6847%,95.9324%,96.8006%,137673,0.002,1024,200,adam,32,32,32,44,18,4,4,4,96.1286%,192
cnn_20250424_1908_4136,96.7722%,96.7028%,96.8464%,96.7746%,137673,0.002,1024,200,adam,32,32,32,44,18,4,4,4,96.1439%,171
cnn_20250424_1909_4707,96.7550%,96.7123%,96.8007%,96.7565%,137673,0.002,1024,200,adam,32,32,32,44,18,4,4,4,96.1591%,176
cnn_20250424_1910_5016,96.5151%,96.2929%,96.7550%,96.5234%,137673,0.002,1024,200,adam,32,32,32,44,18,4,4,4,95.7705%,187
cnn_20250424_1909_6905,96.6351%,96.8438%,96.4122%,96.6275%,137673,0.002,1024,200,adam,32,32,32,44,18,4,4,4,96.0067%,187
cnn_20250424_1912_6131,96.9721%,97.7690%,96.1380%,96.9467%,137673,0.002,1024,200,adam,32,32,32,44,18,4,4,4,96.2658%,192
cnn_20250424_1913_2968,96.6522%,97.7656%,95.4867%,96.6127%,137673,0.002,1024,200,adam,32,32,32,44,18,4,4,4,96.0601%,165
cnn_20250424_1915_7511,96.7836%,96.8961%,96.6636%,96.7797%,137673,0.002,1024,200,adam,32,32,32,44,18,4,4,4,95.9610%,176
cnn_20250424_1917_2760,96.7779%,96.7032%,96.8579%,96.7805%,137673,0.002,1024,200,adam,32,32,32,44,18,4,4,4,95.8848%,176
cnn_20250424_1918_7713,96.5722%,96.1504%,97.0293%,96.5878%,137673,0.002,1024,200,adam,32,32,32,44,18,4,4,4,95.7552%,154
cnn_20250424_1918_7113,96.7150%,97.5241%,95.8638%,96.6868%,137673,0.002,1024,200,adam,32,32,32,44,18,4,4,4,96.0829%,166
cnn_20250424_1918_2008,96.8464%,96.9753%,96.7093%,96.8421%,137673,0.002,1024,200,adam,32,32,32,44,18,4,4,4,96.0448%,176
cnn_20250424_1918_3034,96.6636%,97.2030%,96.0923%,96.6444%,137673,0.002,1024,200,adam,32,32,32,44,18,4,4,4,96.1210%,176
cnn_20250424_1919_4601,96.6922%,97.1284%,96.2294%,96.6768%,137673,0.002,1024,200,adam,32,32,32,44,18,4,4,4,95.9610%,150
cnn_20250424_1919_1619,96.5836%,96.7010%,96.4580%,96.5793%,137673,0.002,1024,200,adam,32,32,32,44,18,4,4,4,95.6638%,187
cnn_20250424_1920_3745,96.6179%,97.9887%,95.1897%,96.5689%,137673,0.002,1024,200,adam,32,32,32,44,18,4,4,4,96.0677%,176
cnn_20250424_1923_4629,96.7150%,97.5131%,95.8752%,96.6872%,137673,0.002,1024,200,adam,32,32,32,44,18,4,4,4,95.9991%,157
cnn_20250424_1925_9422,96.5494%,96.5494%,96.5494%,96.5494%,137673,0.002,1024,200,adam,32,32,32,44,18,4,4,4,96.0448%,171
cnn_20250424_1926_2869,96.5779%,97.3736%,95.7381%,96.5489%,137673,0.002,1024,200,adam,32,32,32,44,18,4,4,4,95.7933%,186
cnn_20250424_1927_2109,96.5037%,96.3342%,96.6865%,96.5100%,137673,0.002,1024,200,adam,32,32,32,44,18,4,4,4,95.7019%,195
cnn_20250424_1927_7308,96.7150%,97.4359%,95.9552%,96.6899%,137673,0.002,1024,200,adam,32,32,32,44,18,4,4,4,96.0143%,194
cnn_20250424_1928_7659,96.5836%,96.9592%,96.1837%,96.5699%,137673,0.002,1024,200,adam,32,32,32,44,18,4,4,4,95.8924%,164
cnn_20250424_1928_6442,96.5608%,96.9254%,96.1723%,96.5474%,137673,0.002,1024,200,adam,32,32,32,44,18,4,4,4,95.7552%,192
cnn_20250424_1928_7249,96.3723%,96.8595%,95.8524%,96.3533%,137673,0.002,1024,200,adam,32,32,32,44,18,4,4,4,95.6638%,146
cnn_20250424_1929_8892,96.4865%,96.7053%,96.2523%,96.4783%,137673,0.002,1024,200,adam,32,32,32,44,18,4,4,4,95.6409%,157
cnn_20250424_1930_2276,96.4922%,97.5684%,95.3611%,96.4521%,137673,0.002,1024,200,adam,32,32,32,44,18,4,4,4,95.9457%,193
cnn_20250424_1933_8137,96.4351%,96.8635%,95.9781%,96.4187%,137673,0.002,1024,200,adam,32,32,32,44,18,4,4,4,95.9610%,156
cnn_20250424_1933_9907,96.3951%,96.3792%,96.4122%,96.3957%,137673,0.002,1024,200,adam,32,32,32,44,18,4,4,4,96.2353%,145
cnn_20250424_1935_3717,96.5208%,98.2462%,94.7326%,96.4574%,137673,0.002,1024,200,adam,32,32,32,44,18,4,4,4,96.2963%,155
cnn_20250424_1937_3506,96.1723%,97.6758%,94.5955%,96.1110%,137673,0.002,1024,200,adam,32,32,32,44,18,4,4,4,96.1515%,179
cnn_20250424_1936_4663,95.8695%,94.7597%,97.1092%,95.9201%,137673,0.002,1024,200,adam,32,32,32,44,18,4,4,4,96.1058%,77
cnn_20250424_1938_4103,96.6065%,97.4192%,95.7495%,96.5772%,137673,0.002,1024,200,adam,32,32,32,44,18,4,4,4,96.1744%,83
cnn_20250424_1938_3360,96.5322%,98.1099%,94.8926%,96.4744%,137673,0.002,1024,200,adam,32,32,32,44,18,4,4,4,96.4411%,177
cnn_20250424_1938_4679,96.6750%,97.7331%,95.5667%,96.6378%,137673,0.002,1024,200,adam,32,32,32,44,18,4,4,4,96.2430%,180
cnn_20250424_1938_8684,96.8750%,98.3842%,95.3154%,96.8255%,137673,0.002,1024,200,adam,32,32,32,44,18,4,4,4,96.2582%,142
cnn_20250424_1939_2993,96.4008%,97.1223%,95.6353%,96.3731%,137673,0.002,1024,200,adam,32,32,32,44,18,4,4,4,96.0982%,127
cnn_20250424_1942_3636,96.6865%,97.5006%,95.8295%,96.6578%,137673,0.002,1024,200,adam,32,32,32,44,18,4,4,4,96.2277%,191
cnn_20250424_1942_3729,96.8122%,98.1887%,95.3839%,96.7660%,137673,0.002,1024,200,adam,32,32,32,44,18,4,4,4,96.3344%,140
cnn_20250424_1945_8336,96.8464%,98.1108%,95.5324%,96.8044%,137673,0.002,1024,200,adam,32,32,32,44,18,4,4,4,96.5630%,178
cnn_20250424_1946_8604,96.6808%,98.4926%,94.8126%,96.6176%,137673,0.002,1024,200,adam,32,32,32,44,18,4,4,4,96.3649%,178
cnn_20250424_1946_8175,96.4237%,97.3764%,95.4182%,96.3873%,137673,0.002,1024,200,adam,32,32,32,44,18,4,4,4,96.1439%,196
cnn_20250424_1947_7907,96.7150%,98.5397%,94.8355%,96.6521%,137673,0.002,1024,200,adam,32,32,32,44,18,4,4,4,96.5859%,192
cnn_20250424_1947_7462,96.8807%,97.8094%,95.9095%,96.8501%,137673,0.002,1024,200,adam,32,32,32,44,18,4,4,4,96.4182%,102
cnn_20250424_1947_3784,96.7036%,98.0148%,95.3382%,96.6580%,137673,0.002,1024,200,adam,32,32,32,44,18,4,4,4,96.3801%,143
cnn_20250424_1949_7155,96.0752%,98.0002%,94.0699%,95.9949%,137673,0.002,1024,200,adam,32,32,32,44,18,4,4,4,96.2734%,94
cnn_20250424_1948_1697,97.1321%,97.7210%,96.5151%,97.1143%,137673,0.002,1024,200,adam,32,32,32,44,18,4,4,4,96.4792%,178
cnn_20250424_1950_4540,96.6808%,97.5777%,95.7381%,96.6492%,137673,0.002,1024,200,adam,32,32,32,44,18,4,4,4,96.3877%,75
cnn_20250424_1952_6198,96.8236%,97.8962%,95.7038%,96.7876%,137673,0.002,1024,200,adam,32,32,32,44,18,4,4,4,96.6469%,189
cnn_20250424_1954_7227,97.0807%,97.6193%,96.5151%,97.0641%,137673,0.002,1024,200,adam,32,32,32,44,18,4,4,4,96.4868%,199
cnn_20250424_1955_1397,96.9378%,97.3599%,96.4922%,96.9241%,137673,0.002,1024,200,adam,32,32,32,44,18,4,4,4,96.3877%,145
cnn_20250424_1956_1586,96.1495%,97.0307%,95.2125%,96.1130%,137673,0.002,1024,200,adam,32,32,32,44,18,4,4,4,95.7324%,136
cnn_20250424_1956_7456,96.1437%,96.7041%,95.5439%,96.1205%,137673,0.002,1024,200,adam,32,32,32,44,18,4,4,4,95.8848%,31
cnn_20250424_1956_1436,96.0980%,95.5721%,96.6750%,96.1204%,137673,0.002,1024,200,adam,32,32,32,44,18,4,4,4,95.8924%,139
cnn_20250424_1957_3213,96.1894%,96.5243%,95.8295%,96.1757%,137673,0.002,1024,200,adam,32,32,32,44,18,4,4,4,96.0296%,139
cnn_20250424_1958_5016,95.8067%,94.9339%,96.7779%,95.8470%,137673,0.002,1024,200,adam,32,32,32,44,18,4,4,4,95.9457%,84
cnn_20250424_1958_7227,96.3094%,96.4049%,96.2066%,96.3056%,137673,0.002,1024,200,adam,32,32,32,44,18,4,4,4,95.8619%,94
cnn_20250424_1959_4883,96.3608%,97.7409%,94.9154%,96.3075%,137673,0.002,1024,200,adam,32,32,32,44,18,4,4,4,95.9610%,118
cnn_20250424_2001_8644,96.6122%,97.1455%,96.0466%,96.5929%,137673,0.002,1024,200,adam,32,32,32,44,18,4,4,4,96.1896%,191
cnn_20250424_2003_5386,96.2409%,96.3362%,96.1380%,96.2370%,137673,0.002,1024,200,adam,32,32,32,44,18,4,4,4,96.0067%,175
cnn_20250424_2004_2227,96.0295%,94.7363%,97.4749%,96.0861%,137673,0.002,1024,200,adam,32,32,32,44,18,4,4,4,96.0601%,100
cnn_20250424_2005_8684,96.5208%,97.6143%,95.3725%,96.4804%,137673,0.002,1024,200,adam,32,32,32,44,18,4,4,4,96.1210%,153
cnn_20250424_2005_2650,96.5379%,97.8389%,95.1782%,96.4902%,137673,0.002,1024,200,adam,32,32,32,44,18,4,4,4,96.0219%,124
cnn_20250424_2005_4776,96.6293%,96.7790%,96.4694%,96.6239%,137673,0.002,1024,200,adam,32,32,32,44,18,4,4,4,96.3344%,145
cnn_20250424_2007_8336,96.3665%,95.1591%,97.7034%,96.4145%,137673,0.002,1024,200,adam,32,32,32,44,18,4,4,4,96.1667%,187
cnn_20250424_2007_1496,96.4922%,96.0086%,97.0178%,96.5106%,137673,0.002,1024,200,adam,32,32,32,44,18,4,4,4,96.1972%,157
cnn_20250424_2008_3150,96.5151%,97.3042%,95.6810%,96.4858%,137673,0.002,1024,200,adam,32,32,32,44,18,4,4,4,95.9838%,137
cnn_20250424_2009_7340,96.5094%,97.6472%,95.3154%,96.4672%,137673,0.002,1024,200,adam,32,32,32,44,18,4,4,4,96.2963%,167
cnn_20250424_2011_3259,96.6808%,97.6999%,95.6124%,96.6449%,137673,0.002,1024,200,adam,32,32,32,44,18,4,4,4,96.4640%,143
cnn_20250424_2011_7632,96.6636%,95.8053%,97.6005%,96.6946%,137673,0.002,1024,200,adam,32,32,32,44,18,4,4,4,96.3801%,140
cnn_20250424_2014_7917,95.9952%,94.1635%,98.0690%,96.0766%,137673,0.002,1024,200,adam,32,32,32,44,18,4,4,4,96.0982%,101
cnn_20250424_2014_4236,96.6179%,97.9549%,95.2239%,96.5701%,137673,0.002,1024,200,adam,32,32,32,44,18,4,4,4,96.1820%,171
cnn_20250424_2014_9354,96.5436%,96.7413%,96.3323%,96.5363%,137673,0.002,1024,200,adam,32,32,32,44,18,4,4,4,96.2430%,102
cnn_20250424_2015_5530,96.6636%,97.6769%,95.6010%,96.6278%,137673,0.002,1024,200,adam,32,32,32,44,18,4,4,4,96.2201%,197
cnn_20250424_2016_3658,96.8979%,97.0214%,96.7665%,96.8938%,137673,0.002,1024,200,adam,32,32,32,44,18,4,4,4,96.4411%,179
cnn_20250424_2017_4603,96.7150%,96.9997%,96.4122%,96.7051%,137673,0.002,1024,200,adam,32,32,32,44,18,4,4,4,96.2582%,165
cnn_20250424_2018_5719,96.0866%,96.9394%,95.1782%,96.0507%,137673,0.002,1024,200,adam,32,32,32,44,18,4,4,4,95.7476%,33
cnn_20250424_2018_5851,95.9952%,97.5322%,94.3784%,95.9294%,137673,0.002,1024,200,adam,32,32,32,44,18,4,4,4,95.6790%,40
cnn_20250424_2020_5913,94.3384%,91.3920%,97.8976%,94.5330%,137673,0.002,1024,200,adam,32,32,32,44,18,4,4,4,95.8162%,53
cnn_20250424_2020_5867,96.0809%,97.2248%,94.8697%,96.0328%,137673,0.002,1024,200,adam,32,32,32,44,18,4,4,4,95.7781%,42
cnn_20250424_2024_4046,94.2356%,91.6335%,97.3606%,94.4103%,137673,0.002,1024,200,adam,32,32,32,44,18,4,4,4,95.5723%,43
cnn_20250424_2025_4853,96.3151%,96.6402%,95.9666%,96.3022%,137673,0.002,1024,200,adam,32,32,32,44,18,4,4,4,95.9610%,169
cnn_20250424_2024_1564,96.6065%,97.1997%,95.9781%,96.5850%,137673,0.002,1024,200,adam,32,32,32,44,18,4,4,4,95.8848%,144
cnn_20250424_2024_1334,96.0238%,95.5759%,96.5151%,96.0432%,137673,0.002,1024,200,adam,32,32,32,44,18,4,4,4,95.9991%,89
cnn_20250424_2026_4649,94.4470%,91.8100%,97.6005%,94.6167%,137673,0.002,1024,200,adam,32,32,32,44,18,4,4,4,95.7628%,50
cnn_20250424_2025_6739,93.2701%,89.2435%,98.4004%,93.5985%,137673,0.002,1024,200,adam,32,32,32,44,18,4,4,4,95.8619%,43
cnn_20250424_2027_4376,96.1095%,96.6047%,95.5782%,96.0887%,137673,0.002,1024,200,adam,32,32,32,44,18,4,4,4,95.9457%,108
cnn_20250424_2028_2199,96.4751%,96.6938%,96.2409%,96.4668%,137673,0.002,1024,200,adam,32,32,32,44,18,4,4,4,96.0143%,165
cnn_20250424_2029_8498,96.1952%,95.7456%,96.6865%,96.2138%,137673,0.002,1024,200,adam,32,32,32,44,18,4,4,4,95.9762%,169
cnn_20250424_2029_7034,94.6584%,92.0495%,97.7605%,94.8191%,137673,0.002,1024,200,adam,32,32,32,44,18,4,4,4,95.6485%,82
cnn_20250424_2033_1949,94.8355%,92.2936%,97.8405%,94.9861%,137673,0.002,1024,200,adam,32,32,32,44,18,4,4,4,95.8162%,78
cnn_20250424_2034_9134,96.5265%,97.2938%,95.7153%,96.4981%,137673,0.002,1024,200,adam,32,32,32,44,18,4,4,4,96.0905%,136
cnn_20250424_2034_4645,96.5436%,96.7949%,96.2751%,96.5343%,137673,0.002,1024,200,adam,32,32,32,44,18,4,4,4,96.1972%,94
cnn_20250424_2034_9165,96.2466%,95.6983%,96.8464%,96.2690%,137673,0.002,1024,200,adam,32,32,32,44,18,4,4,4,96.2506%,119
cnn_20250424_2035_1092,94.9440%,92.0380%,98.4004%,95.1129%,137673,0.002,1024,200,adam,32,32,32,44,18,4,4,4,95.9991%,84
cnn_20250424_2035_8979,90.3451%,85.5876%,97.0293%,90.9500%,137673,0.002,1024,200,adam,32,32,32,44,18,4,4,4,95.5266%,54
cnn_20250424_2036_7756,96.4637%,97.4559%,95.4182%,96.4263%,137673,0.002,1024,200,adam,32,32,32,44,18,4,4,4,96.2506%,174
cnn_20250424_2038_1243,96.7036%,97.0964%,96.2866%,96.6898%,137673,0.002,1024,200,adam,32,32,32,44,18,4,4,4,96.2353%,94
cnn_20250424_2039_4009,96.3780%,96.5588%,96.1837%,96.3709%,137673,0.002,1024,200,adam,32,32,32,44,18,4,4,4,96.0905%,76
cnn_20250424_2039_7846,96.4865%,96.4918%,96.4808%,96.4863%,137673,0.002,1024,200,adam,32,32,32,44,18,4,4,4,96.3039%,170
cnn_20250424_2042_4352,95.6696%,94.5398%,96.9378%,95.7238%,137673,0.002,1024,200,adam,32,32,32,44,18,4,4,4,96.0905%,145
cnn_20250424_2043_7568,96.7722%,96.7028%,96.8464%,96.7746%,137673,0.002,1024,200,adam,32,32,32,44,18,4,4,4,96.1439%,171
cnn_20250424_2044_6447,96.8293%,97.6847%,95.9324%,96.8006%,137673,0.002,1024,200,adam,32,32,32,44,18,4,4,4,96.1286%,192
cnn_20250424_2044_9295,96.7550%,96.7123%,96.8007%,96.7565%,137673,0.002,1024,200,adam,32,32,32,44,18,4,4,4,96.1591%,176
cnn_20250424_2044_6323,96.5151%,96.2929%,96.7550%,96.5234%,137673,0.002,1024,200,adam,32,32,32,44,18,4,4,4,95.7705%,187
cnn_20250424_2044_8451,96.6351%,96.8438%,96.4122%,96.6275%,137673,0.002,1024,200,adam,32,32,32,44,18,4,4,4,96.0067%,187
cnn_20250424_2045_4184,96.9721%,97.7690%,96.1380%,96.9467%,137673,0.002,1024,200,adam,32,32,32,44,18,4,4,4,96.2658%,192
cnn_20250424_2047_5497,96.6522%,97.7656%,95.4867%,96.6127%,137673,0.002,1024,200,adam,32,32,32,44,18,4,4,4,96.0601%,165
cnn_20250424_2048_1166,96.7779%,96.7032%,96.8579%,96.7805%,137673,0.002,1024,200,adam,32,32,32,44,18,4,4,4,95.8848%,176
cnn_20250424_2048_8764,96.7836%,96.8961%,96.6636%,96.7797%,137673,0.002,1024,200,adam,32,32,32,44,18,4,4,4,95.9610%,176
cnn_20250424_2051_5666,96.5722%,96.1504%,97.0293%,96.5878%,137673,0.002,1024,200,adam,32,32,32,44,18,4,4,4,95.7552%,154
cnn_20250424_2051_2978,96.8464%,96.9753%,96.7093%,96.8421%,137673,0.002,1024,200,adam,32,32,32,44,18,4,4,4,96.0448%,176
cnn_20250424_2053_3386,96.7150%,97.5241%,95.8638%,96.6868%,137673,0.002,1024,200,adam,32,32,32,44,18,4,4,4,96.0829%,166
cnn_20250424_2054_6238,96.6636%,97.2030%,96.0923%,96.6444%,137673,0.002,1024,200,adam,32,32,32,44,18,4,4,4,96.1210%,176
cnn_20250424_2054_9126,96.6922%,97.1284%,96.2294%,96.6768%,137673,0.002,1024,200,adam,32,32,32,44,18,4,4,4,95.9610%,150
cnn_20250424_2054_1474,96.6179%,97.9887%,95.1897%,96.5689%,137673,0.002,1024,200,adam,32,32,32,44,18,4,4,4,96.0677%,176
cnn_20250424_2054_6506,96.5836%,96.7010%,96.4580%,96.5793%,137673,0.002,1024,200,adam,32,32,32,44,18,4,4,4,95.6638%,187
cnn_20250424_2056_2547,96.7150%,97.5131%,95.8752%,96.6872%,137673,0.002,1024,200,adam,32,32,32,44,18,4,4,4,95.9991%,157
cnn_20250424_2057_1900,96.5494%,96.5494%,96.5494%,96.5494%,137673,0.002,1024,200,adam,32,32,32,44,18,4,4,4,96.0448%,171
cnn_20250424_2058_4579,96.5779%,97.3736%,95.7381%,96.5489%,137673,0.002,1024,200,adam,32,32,32,44,18,4,4,4,95.7933%,186
cnn_20250424_2100_4819,96.5037%,96.3342%,96.6865%,96.5100%,137673,0.002,1024,200,adam,32,32,32,44,18,4,4,4,95.7019%,195
cnn_20250424_2101_5280,96.7150%,97.4359%,95.9552%,96.6899%,137673,0.002,1024,200,adam,32,32,32,44,18,4,4,4,96.0143%,194
cnn_20250424_2102_1876,96.5836%,96.9592%,96.1837%,96.5699%,137673,0.002,1024,200,adam,32,32,32,44,18,4,4,4,95.8924%,164
cnn_20250424_2103_9256,96.5608%,96.9254%,96.1723%,96.5474%,137673,0.002,1024,200,adam,32,32,32,44,18,4,4,4,95.7552%,192
cnn_20250424_2103_3687,96.4865%,96.7053%,96.2523%,96.4783%,137673,0.002,1024,200,adam,32,32,32,44,18,4,4,4,95.6409%,157
cnn_20250424_2104_5372,96.3723%,96.8595%,95.8524%,96.3533%,137673,0.002,1024,200,adam,32,32,32,44,18,4,4,4,95.6638%,146
cnn_20250424_2306_7511,96.8807%,97.4774%,96.2523%,96.8610%,137673,0.002,1024,200,adam,32,32,32,44,18,4,4,4,96.5325%,157

--- Leraning Rate
cnn_20250426_1231_3649,95.8124%,97.1096%,94.4356%,95.7539%,137673,0.0001,1024,200,adam,32,32,32,44,18,4,4,4,94.6807%,194
cnn_20250426_1231_5934,96.3894%,97.2863%,95.4410%,96.3548%,137673,0.0002,1024,200,adam,32,32,32,44,18,4,4,4,95.5266%,189
cnn_20250426_1231_9851,96.5494%,98.0085%,95.0297%,96.4961%,137673,0.0003,1024,200,adam,32,32,32,44,18,4,4,4,95.9686%,195
cnn_20250426_1231_3545,96.4522%,97.7901%,95.0526%,96.4019%,137673,0.0005,1024,200,adam,32,32,32,44,18,4,4,4,96.1286%,160
cnn_20250426_1231_9217,96.5836%,98.1119%,94.9954%,96.5285%,137673,0.0009,1024,200,adam,32,32,32,44,18,4,4,4,96.4030%,193
cnn_20250426_1231_8559,96.6065%,97.1343%,96.0466%,96.5874%,137673,0.0008,1024,200,adam,32,32,32,44,18,4,4,4,96.3268%,179
cnn_20250426_1231_8881,96.7436%,97.9826%,95.4525%,96.7010%,137673,0.0007,1024,200,adam,32,32,32,44,18,4,4,4,96.4335%,148
cnn_20250426_1231_4127,96.5665%,98.3165%,94.7555%,96.5032%,137673,0.0004,1024,200,adam,32,32,32,44,18,4,4,4,96.0905%,186
cnn_20250426_1232_9969,96.8236%,97.5516%,96.0580%,96.7991%,137673,0.001,1024,200,adam,32,32,32,44,18,4,4,4,96.4716%,124
cnn_20250426_1231_9029,96.6808%,97.5224%,95.7952%,96.6511%,137673,0.0006,1024,200,adam,32,32,32,44,18,4,4,4,96.3192%,178
cnn_20250428_1842_6816,96.8976%,97.1794%,96.5992%,96.8884%,110765,0.002,1024,200,adam,32,44,64,16,8,4,4,4,97.2036%,166
cnn_20250428_1843_2291,96.7502%,97.7979%,95.6545%,96.7143%,110909,0.002,1024,200,adam,32,44,64,16,16,4,4,4,97.1482%,173
cnn_20250430_1745_1809,50.0000%,50.0000%,100.0000%,66.6667%,137673,0.002,1024,60,adam,32,32,32,44,18,4,4,4,97.8603%,59
cnn_20250430_1756_9618,98.2176%,97.6858%,98.7751%,98.2274%,137673,0.002,1024,60,adam,32,32,32,44,18,4,4,4,97.8603%,59
cnn_20250501_1037_3596,97.2395%,97.8164%,96.6362%,97.2227%,137673,0.002,1024,10,adam,32,32,32,44,18,4,4,4,96.7447%,9
cnn_20250501_1108_9647,95.9689%,96.1292%,95.7952%,95.9619%,25889,0.001,32,2,adam,16,16,16,16,16,4,4,4,95.7846%,1
cnn_20250501_1115_1296,98.2176%,97.6858%,98.7751%,98.2274%,137673,0.002,1024,60,adam,32,32,32,44,18,4,4,4,97.8603%,59
cnn_20250501_1120_1089,98.2176%,97.6858%,98.7751%,98.2274%,137673,0.002,1024,60,adam,32,32,32,44,18,4,4,4,97.8603%,59
cnn_20250501_1128_6249,98.0896%,97.5592%,98.6472%,98.1002%,137673,0.002,1024,200,adam,32,32,32,44,18,4,4,4,98.0614%,168
cnn_20250501_1147_4931,91.1883%,89.0197%,93.9671%,91.4265%,137673,0.002,1024,2,adam,32,32,32,44,18,4,4,4,91.9898%,1
cnn_20250501_1151_5983,97.9250%,97.0056%,98.9031%,97.9451%,137673,0.002,1024,100,adam,32,32,32,44,18,4,4,4,97.9517%,93
cnn_20250501_1226_7856,97.5868%,96.3662%,98.9031%,97.6182%,40521,0.002,1024,200,adam,32,32,32,44,18,4,4,4,97.7871%,161
cnn_20250501_1345_8026,97.9890%,98.3425%,97.6234%,97.9817%,71497,0.002,1024,100,adam,32,32,32,44,18,4,4,4,97.9151%,96
cnn_20250501_1401_5995,97.8702%,98.3743%,97.3492%,97.8590%,40521,0.002,1024,100,adam,32,32,32,44,18,4,4,4,97.7323%,95
cnn_20250501_1637_4440,97.9250%,97.0056%,98.9031%,97.9451%,137673,0.002,1024,100,adam,32,32,32,44,18,4,4,4,97.9517%,93
cnn_20250501_1651_6518,98.0896%,97.5592%,98.6472%,98.1002%,137673,0.002,1024,200,adam,32,32,32,44,18,4,4,4,98.0614%,168
cnn_20250502_1233_9433,95.9689%,96.1292%,95.7952%,95.9619%,25889,0.001,32,2,adam,16,16,16,16,16,4,4,4,95.7846%,1
cnn_20250502_1251_1243,98.0804%,97.8878%,98.2815%,98.0843%,137673,0.002,1024,40,adam,32,32,32,44,18,4,4,4,97.8328%,36
cnn_20250502_1343_6909,97.2395%,97.8164%,96.6362%,97.2227%,137673,0.002,1024,10,adam,32,32,32,44,18,4,4,4,96.7447%,9
cnn_20250502_1547_6140,98.0256%,97.1126%,98.9945%,98.0445%,137865,0.002,1024,150,adam,32,32,32,44,18,4,4,4,98.0157%,73
cnn_20250502_1603_8905,98.2176%,98.0157%,98.4278%,98.2213%,137673,0.002,1024,150,adam,32,32,32,44,18,4,4,4,97.9792%,149
cnn_20250502_1618_2070,97.9250%,97.0056%,98.9031%,97.9451%,137673,0.002,1024,100,adam,32,32,32,44,18,4,4,4,97.9517%,93
cnn_20250502_1749_2633,97.9250%,97.0056%,98.9031%,97.9451%,137673,0.002,1024,100,adam,32,32,32,44,18,4,4,4,97.9517%,93
cnn_20250505_1324_6001,91.3470%,91.4494%,90.7034%,91.0749%,25889,0.001,32,2,adam,16,16,16,16,16,4,4,4,91.0685%,1
cnn_20250505_1341_4040,93.6994%,95.7753%,91.0728%,93.3649%,137673,0.002,1024,100,adam,32,32,32,44,18,4,4,4,93.5636%,89
cnn_20250505_1411_8520,93.5121%,94.0128%,92.5658%,93.2837%,137673,0.002,1024,200,adam,32,32,32,44,18,4,4,4,93.6086%,188
cnn_20250505_1456_1320,95.5480%,96.0962%,94.9543%,95.5218%,137673,0.002,1024,100,adam,32,32,32,44,18,4,4,4,95.5655%,93
cnn_20250505_1846_7328,95.5846%,97.0560%,94.0219%,95.5149%,131657,0.0008787792256739448,128,200,adam,32,32,32,44,18,8,4,6,95.4924%,173
cnn_20250506_1332_4044,94.8898%,95.3966%,94.3327%,94.8617%,61041,0.0008787792256739448,1024,200,adam,32,32,24,24,96,8,4,6,95.2089%,97
cnn_20250506_1345_5150,94.6522%,94.6935%,94.6069%,94.6502%,214289,0.002,1024,200,adam,32,24,24,96,112,8,4,6,95.4101%,32
cnn_20250507_1442_4070,95.2372%,95.8495%,94.5704%,95.2057%,137673,0.002,1024,100,adam,32,32,32,44,18,4,4,4,95.1632%,93
cnn_20250507_1542_7341,95.3378%,95.7903%,94.8446%,95.3151%,137673,0.002,1024,50,adam,32,32,32,44,18,4,4,4,94.9438%,49
cnn_20250508_1013_9508,95.2372%,95.1634%,95.3199%,95.2416%,137673,0.002,1024,50,adam,32,32,32,44,18,4,4,4,95.1449%,41
cnn_20250508_1023_4802,95.4109%,96.3606%,94.3876%,95.3639%,97433,0.00021683919249716394,256,100,adam,24,28,24,44,40,10,4,5,95.3918%,95
cnn_20250508_1037_5992,95.5663%,97.1439%,93.8940%,95.4913%,97433,0.00021683919249716394,256,200,adam,24,28,24,44,40,10,4,5,95.5381%,188
cnn_20250508_1159_5071,94.7893%,95.5390%,93.9671%,94.7465%,137673,0.0002,1024,100,adam,32,32,32,44,18,4,4,4,94.4409%,95

-- Wavelet 
cnn_20250508_1218_3018,94.8350%,95.7471%,93.8391%,94.7835%,137673,0.0002,1024,100,adam,32,32,32,44,18,4,4,4,94.3586%,98,db2,2
cnn_20250508_1219_7029,94.8624%,95.6983%,93.9488%,94.8155%,137673,0.0002,1024,100,adam,32,32,32,44,18,4,4,4,94.4592%,98,db2,3
cnn_20250508_1219_5137,94.8350%,95.6279%,93.9671%,94.7902%,137673,0.0002,1024,100,adam,32,32,32,44,18,4,4,4,94.5049%,98,db4,2
cnn_20250508_1219_2911,94.8076%,95.8645%,93.6563%,94.7475%,137673,0.0002,1024,100,adam,32,32,32,44,18,4,4,4,94.3952%,99,db4,4
cnn_20250508_1219_8201,94.8350%,95.8154%,93.7660%,94.7796%,137673,0.0002,1024,100,adam,32,32,32,44,18,4,4,4,94.4135%,98,db4,3
cnn_20250508_1219_8498,94.8807%,96.1640%,93.4918%,94.8090%,137673,0.0002,1024,100,adam,32,32,32,44,18,4,4,4,94.6329%,99,db2,4
cnn_20250508_1219_4893,94.8807%,95.5642%,94.1316%,94.8425%,137673,0.0002,1024,100,adam,32,32,32,44,18,4,4,4,94.4317%,98,db4,6
cnn_20250508_1219_2738,94.8259%,95.8318%,93.7294%,94.7689%,137673,0.0002,1024,100,adam,32,32,32,44,18,4,4,4,94.4409%,99,db2,6
cnn_20250508_1219_3065,94.8167%,95.8310%,93.7112%,94.7592%,137673,0.0002,1024,100,adam,32,32,32,44,18,4,4,4,94.4409%,99,db2,8
cnn_20250508_1220_8642,94.8167%,95.6943%,93.8574%,94.7670%,137673,0.0002,1024,100,adam,32,32,32,44,18,4,4,4,94.4592%,99,db2,10
cnn_20250508_1238_2951,94.8076%,95.6595%,93.8757%,94.7592%,137673,0.0002,1024,100,adam,32,32,32,44,18,4,4,4,94.5140%,99,db8,2
cnn_20250508_1238_4147,94.8441%,95.2750%,94.3693%,94.8200%,137673,0.0002,1024,100,adam,32,32,32,44,18,4,4,4,94.5140%,87,db8,3
cnn_20250508_1238_3817,94.7436%,95.7733%,93.6197%,94.6843%,137673,0.0002,1024,100,adam,32,32,32,44,18,4,4,4,94.3129%,98,db4,8
cnn_20250508_1239_7735,94.8807%,95.4125%,94.2962%,94.8510%,137673,0.0002,1024,100,adam,32,32,32,44,18,4,4,4,94.4683%,98,db8,6
cnn_20250508_1238_1252,94.8533%,95.5448%,94.0951%,94.8144%,137673,0.0002,1024,100,adam,32,32,32,44,18,4,4,4,94.4683%,85,db8,4
cnn_20250508_1239_9524,94.8350%,95.6279%,93.9671%,94.7902%,137673,0.0002,1024,100,adam,32,32,32,44,18,4,4,4,94.3952%,96,db8,8
cnn_20250508_1239_2821,94.7710%,95.8443%,93.6015%,94.7096%,137673,0.0002,1024,100,adam,32,32,32,44,18,4,4,4,94.3677%,98,db4,10
cnn_20250508_1240_4575,94.9173%,95.9940%,93.7477%,94.8576%,137673,0.0002,1024,100,adam,32,32,32,44,18,4,4,4,94.4317%,94,db20,3
cnn_20250508_1239_7213,94.9173%,95.9940%,93.7477%,94.8576%,137673,0.0002,1024,100,adam,32,32,32,44,18,4,4,4,94.4500%,92,db20,2
cnn_20250508_1240_7036,94.7801%,95.5382%,93.9488%,94.7368%,137673,0.0002,1024,100,adam,32,32,32,44,18,4,4,4,94.4135%,95,db8,10
cnn_20250508_1257_3704,94.9995%,96.1041%,93.8026%,94.9394%,137673,0.0002,1024,100,adam,32,32,32,44,18,4,4,4,94.4866%,99,db20,4
cnn_20250508_1259_3656,94.7619%,95.4520%,94.0037%,94.7223%,137673,0.0002,1024,100,adam,32,32,32,44,18,4,4,4,94.5415%,96,coif2,2
cnn_20250508_1259_2590,94.8350%,95.6109%,93.9854%,94.7912%,137673,0.0002,1024,100,adam,32,32,32,44,18,4,4,4,94.4317%,96,db20,6
cnn_20250508_1259_9375,94.9264%,95.5346%,94.2596%,94.8928%,137673,0.0002,1024,100,adam,32,32,32,44,18,4,4,4,94.4226%,99,coif2,3
cnn_20250508_1259_6688,94.8624%,95.5626%,94.0951%,94.8231%,137673,0.0002,1024,100,adam,32,32,32,44,18,4,4,4,94.4592%,88,coif2,4
cnn_20250508_1259_9515,94.8350%,95.4083%,94.2048%,94.8027%,137673,0.0002,1024,100,adam,32,32,32,44,18,4,4,4,94.4135%,98,db20,8
cnn_20250508_1300_3359,94.7984%,95.3544%,94.1865%,94.7669%,137673,0.0002,1024,100,adam,32,32,32,44,18,4,4,4,94.3129%,93,coif2,6
cnn_20250508_1300_5529,94.8167%,95.7114%,93.8391%,94.7660%,137673,0.0002,1024,100,adam,32,32,32,44,18,4,4,4,94.4043%,89,db20,10
cnn_20250508_1301_4985,94.7984%,95.3544%,94.1865%,94.7669%,137673,0.0002,1024,100,adam,32,32,32,44,18,4,4,4,94.3586%,99,coif2,8
cnn_20250508_1302_7101,94.7253%,95.6522%,93.7112%,94.6717%,137673,0.0002,1024,100,adam,32,32,32,44,18,4,4,4,94.3769%,99,coif2,10
cnn_20250508_1318_8610,94.8533%,95.8684%,93.7477%,94.7962%,137673,0.0002,1024,100,adam,32,32,32,44,18,4,4,4,94.5506%,93,coif4,2
cnn_20250508_1319_4760,94.9264%,95.5177%,94.2779%,94.8937%,137673,0.0002,1024,100,adam,32,32,32,44,18,4,4,4,94.4775%,96,coif4,3
cnn_20250508_1320_6323,94.7893%,95.5052%,94.0037%,94.7485%,137673,0.0002,1024,100,adam,32,32,32,44,18,4,4,4,94.4043%,96,coif4,4
cnn_20250508_1320_9332,94.7527%,95.4343%,94.0037%,94.7136%,137673,0.0002,1024,100,adam,32,32,32,44,18,4,4,4,94.4957%,95,coif8,2
cnn_20250508_1321_8167,94.8624%,95.4781%,94.1865%,94.8279%,137673,0.0002,1024,100,adam,32,32,32,44,18,4,4,4,94.5323%,98,coif8,3
cnn_20250508_1320_6276,94.7619%,95.3678%,94.0951%,94.7272%,137673,0.0002,1024,100,adam,32,32,32,44,18,4,4,4,94.3037%,99,coif4,6
cnn_20250508_1322_3722,94.8076%,95.3889%,94.1682%,94.7746%,137673,0.0002,1024,100,adam,32,32,32,44,18,4,4,4,94.5323%,99,coif8,4
cnn_20250508_1321_2126,94.6613%,95.2073%,94.0585%,94.6294%,137673,0.0002,1024,100,adam,32,32,32,44,18,4,4,4,94.2672%,82,coif4,8
cnn_20250508_1322_2134,94.7436%,95.4335%,93.9854%,94.7039%,137673,0.0002,1024,100,adam,32,32,32,44,18,4,4,4,94.3769%,99,coif4,10
cnn_20250508_1325_9372,94.7527%,95.3165%,94.1316%,94.7204%,137673,0.0002,1024,100,adam,32,32,32,44,18,4,4,4,94.3677%,98,coif8,6
cnn_20250508_1339_7082,94.7801%,95.4537%,94.0402%,94.7417%,137673,0.0002,1024,100,adam,32,32,32,44,18,4,4,4,94.3952%,99,coif8,8
cnn_20250508_1341_8827,94.7070%,95.3290%,94.0219%,94.6710%,137673,0.0002,1024,100,adam,32,32,32,44,18,4,4,4,94.3037%,99,haar,2
cnn_20250508_1341_4433,95.0178%,96.1748%,93.7660%,94.9551%,137673,0.0002,1024,100,adam,32,32,32,44,18,4,4,4,94.4409%,99,haar,3
cnn_20250508_1343_1170,94.7162%,95.2293%,94.1499%,94.6865%,137673,0.0002,1024,100,adam,32,32,32,44,18,4,4,4,94.3129%,93,bior1.3,2
cnn_20250508_1342_7423,94.9904%,96.1034%,93.7843%,94.9297%,137673,0.0002,1024,100,adam,32,32,32,44,18,4,4,4,94.4226%,99,haar,6
cnn_20250508_1341_5879,94.7984%,95.3544%,94.1865%,94.7669%,137673,0.0002,1024,100,adam,32,32,32,44,18,4,4,4,94.3677%,98,coif8,10
cnn_20250508_1344_4150,94.8350%,95.6109%,93.9854%,94.7912%,137673,0.0002,1024,100,adam,32,32,32,44,18,4,4,4,94.4226%,99,bior1.3,3
cnn_20250508_1345_9958,94.7893%,95.5390%,93.9671%,94.7465%,137673,0.0002,1024,100,adam,32,32,32,44,18,4,4,4,94.4409%,95,bior1.3,4
cnn_20250508_1346_2208,94.9813%,95.6578%,94.2413%,94.9443%,137673,0.0002,1024,100,adam,32,32,32,44,18,4,4,4,94.4592%,87,bior1.3,6
cnn_20250508_1350_8508,94.8076%,95.5576%,93.9854%,94.7650%,137673,0.0002,1024,100,adam,32,32,32,44,18,4,4,4,94.4500%,99,bior1.3,8
cnn_20250508_1401_5369,94.8167%,95.3394%,94.2413%,94.7872%,137673,0.0002,1024,100,adam,32,32,32,44,18,4,4,4,94.4317%,95,bior1.3,10
cnn_20250514_1107_9771,95.1001%,96.2331%,93.8757%,95.0398%,137673,0.0002,1024,100,adam,32,32,32,44,18,4,4,4,94.5780%,84,db4,1
cnn_20250514_1122_6459,94.3596%,97.1440%,91.4077%,94.1886%,137400,0.0002,1024,100,adam,32,32,32,44,18,4,4,4,94.0569%,94,db4,1
cnn_20250514_1147_9398,94.3139%,95.0223%,93.5283%,94.2694%,133560,0.0002,1024,100,adam,32,32,32,44,18,4,4,4,94.0386%,93,db4,1
cnn_20250514_1219_5496,92.5405%,95.7530%,89.0311%,92.2698%,133545,0.0002,1024,100,adam,9,32,32,44,18,4,4,4,91.4510%,98,db4,1
cnn_20250517_1647_6139,94.9592%,95.6635%,93.6962%,94.6697%,134430,0.0002,1024,100,adam,9,32,32,44,18,4,4,4,94.7088%,99,db4,1
cnn_20250517_1705_6141,95.0234%,96.1885%,93.2796%,94.7117%,134430,0.0002,1024,100,adam,9,32,32,44,18,4,4,4,94.7088%,88,db4,1
cnn_20250517_2159_5213,95.4472%,96.7106%,93.6559%,95.1588%,134430,0.0002,1024,200,adam,9,32,32,44,18,4,4,4,95.1133%,193,db4,1
cnn_20250517_2218_2794,96.3633%,96.5168%,92.3402%,94.3823%,134430,0.0002,1024,200,adam,9,32,32,44,18,4,4,4,96.2235%,186,db4,1
cnn_20250517_2239_1962,94.9721%,93.5918%,86.4462%,89.8772%,134430,0.0002,1024,200,adam,9,32,32,44,18,4,4,4,95.0748%,196,db4,1
pdetectorstft_20250520_1932_7234,92.8594%,91.6425%,93.5887%,92.6054%,149889,0.001,32,2,,32,32,32,44,18,4,4,4,db4,1
pdetectorstft_20250520_1935_5128,93.9382%,94.2990%,92.9301%,93.6095%,149889,0.0002,1024,100,,9,32,32,44,18,4,4,4,db4,1
pdetectorstft_20250520_1943_1432,94.1052%,95.2163%,92.2984%,93.7346%,149889,0.001,64,100,,9,32,32,44,18,4,4,4,db4,1
cnn_20250521_1304_6360,94.7858%,96.2204%,92.7285%,94.4422%,137673,0.001,32,2,,32,32,32,44,18,4,4,4,db4,1
cnn_20250521_1309_8799,95.7426%,96.0331%,95.0134%,95.5206%,137673,0.002,1024,100,,32,32,32,44,18,4,4,4,db4,1
cnn_20250521_1658_3785,95.6592%,96.3034%,94.5430%,95.4151%,37383,0.002,1024,100,,32,24,16,22,11,4,4,4,db4,1
cnn_20250521_1658_3785,95.6592%,96.3034%,94.5430%,95.4151%,37383,0.001,32,2,,32,32,32,44,18,4,4,4,db4,1
cnn_20250521_1658_3785,95.6592%,96.3034%,94.5430%,95.4151%,37383,0.002,1024,100,,32,24,16,22,11,4,4,4,db4,1
cnn_20250521_1722_8716,95.6592%,96.3034%,94.5430%,95.4151%,37383,0.002,1024,100,,32,24,16,22,11,4,4,4,db4,1
cnn_20250522_1435_7580,49.9954%,0.0000%,0.0000%,0.0000%,158484,0.001,32,2,,32,32,32,44,18,4,4,4,db4,1
cnn_20250522_1507_5304,85.2912%,78.8263%,96.5082%,86.7757%,158484,0.0001,64,30,,32,32,32,44,18,4,4,4,db4,1
cnn_20250522_1527_8163,90.9590%,91.2691%,90.5850%,90.9258%,158484,0.0001,64,30,,32,32,32,44,18,4,4,4,db4,1
cnn_20250522_1538_5297,91.3063%,91.6805%,90.8592%,91.2680%,158484,0.0001,64,30,,32,32,32,44,18,4,4,4,db4,1
tfeq_20250522_2340_6581,92.8147%,94.8144%,90.5850%,92.6515%,158484,0.002,1024,10,,32,32,32,44,18,4,4,4,db4,1

-- TFEQ models
tfeq_20250523_1251_5037,90.2093%,91.4296%,88.7386%,90.0640%,158484,0.0005,64,100,,32,32,32,44,18,4,4,4,db4,1
cnnrnn_20250523_2339_3351,91.7451%,94.5387%,88.6106%,91.4787%,8130,0.001,1024,50,,32,32,32,44,18,4,4,4,db4,1
cnn_20250523_2346_2990,94.0854%,95.8025%,92.2121%,93.9730%,278473,0.001,1024,50,,32,32,32,44,18,4,4,4,db4,1
tfeq_20250523_2353_2272,92.8147%,94.7801%,90.6216%,92.6542%,158484,1e-05,64,100,,32,32,32,44,18,4,4,4,db4,1
tfeq_20250524_0038_5636,92.8604%,94.8365%,90.6581%,92.7003%,158484,1e-05,64,100,,32,32,32,44,18,4,4,4,db4,1
tfeq_20250524_0123_5119,92.5130%,95.1115%,89.6344%,92.2918%,158484,1e-05,256,100,,32,32,32,44,18,4,4,4,db4,1
tfeq_20250524_0123_1083,90.3373%,92.9197%,87.3309%,90.0386%,158484,1e-05,64,100,,32,32,32,44,18,4,4,4,db4,1
tfeq_20250524_0201_7123,92.4765%,95.0553%,89.6161%,92.2556%,158484,1e-05,256,100,,32,32,32,44,18,4,4,4,db4,1
tfeq_20250524_0211_5022,92.5770%,95.2233%,89.6527%,92.3540%,158484,1e-05,256,100,,32,32,32,44,18,4,4,4,db4,1
tfeq_20250524_0241_9399,91.4343%,94.2244%,88.2815%,91.1562%,158484,1e-05,256,100,,32,32,32,44,18,4,4,4,db4,1
tfeq_20250524_0253_5051,90.4196%,93.1330%,87.2761%,90.1095%,158484,1e-05,256,100,,32,32,32,44,18,4,4,4,db4,1
tfeq_20250524_0459_6560,90.0722%,92.4971%,87.2212%,89.7817%,158484,1e-05,1024,100,,32,32,32,44,18,4,4,4,db4,1
tfeq_20250524_0540_2114,91.3155%,92.1642%,90.3108%,91.2281%,158484,2e-05,64,100,,32,32,32,44,18,4,4,4,db4,1
tfeq_20250524_0541_4140,90.7670%,91.0681%,90.4022%,90.7339%,158484,2e-05,64,100,,32,32,32,44,18,4,4,4,db4,1
tfeq_20250524_0625_3363,92.4582%,94.4668%,90.2011%,92.2847%,158484,2e-05,64,100,,32,32,32,44,18,4,4,4,db4,1
tfeq_20250524_0627_5147,92.9427%,95.4880%,90.1463%,92.7403%,158484,2e-05,64,100,,32,32,32,44,18,4,4,4,db4,1
tfeq_20250524_0747_5345,92.5222%,94.0030%,90.8410%,92.3949%,158484,2e-05,256,100,,32,32,32,44,18,4,4,4,db4,1
tfeq_20250524_0750_6499,92.7507%,94.3991%,90.8958%,92.6143%,158484,2e-05,256,100,,32,32,32,44,18,4,4,4,db4,1
tfeq_20250524_0832_2575,90.7304%,93.3970%,87.6600%,90.4376%,158484,2e-05,256,100,,32,32,32,44,18,4,4,4,db4,1
tfeq_20250524_1048_2160,90.1636%,92.4952%,87.4223%,89.8872%,158484,2e-05,1024,100,,32,32,32,44,18,4,4,4,db4,1
tfeq_20250524_1118_6620,90.4836%,90.0669%,91.0055%,90.5338%,158484,5e-05,64,100,,32,32,32,44,18,4,4,4,db4,1
tfeq_20250524_1121_6844,90.6207%,90.5474%,90.7130%,90.6301%,158484,5e-05,64,100,,32,32,32,44,18,4,4,4,db4,1
tfeq_20250524_1129_3763,90.2916%,89.9131%,90.7678%,90.3384%,158484,5e-05,64,100,,32,32,32,44,18,4,4,4,db4,1
tfeq_20250524_1204_5236,89.8254%,90.0092%,89.5978%,89.8030%,158484,5e-05,64,100,,32,32,32,44,18,4,4,4,db4,1
tfeq_20250524_1206_2076,90.0905%,91.1136%,88.8483%,89.9667%,158484,5e-05,64,100,,32,32,32,44,18,4,4,4,db4,1
tfeq_20250524_1214_3266,89.5603%,88.8929%,90.4205%,89.6502%,158484,5e-05,64,100,,32,32,32,44,18,4,4,4,db4,1
tfeq_20250524_1258_7634,90.5659%,91.2607%,89.7258%,90.4867%,158484,5e-05,256,100,,32,32,32,44,18,4,4,4,db4,1
tfeq_20250524_1335_5637,91.0047%,91.7535%,90.1097%,90.9242%,158484,5e-05,256,100,,32,32,32,44,18,4,4,4,db4,1
tfeq_20250524_1337_6994,90.4562%,91.5509%,89.1408%,90.3298%,158484,5e-05,256,100,,32,32,32,44,18,4,4,4,db4,1
tfeq_20250524_1418_9741,91.6811%,92.3949%,90.8410%,91.6114%,158484,5e-05,256,100,,32,32,32,44,18,4,4,4,db4,1
tfeq_20250524_1624_5589,90.1545%,92.9423%,86.9104%,89.8252%,158484,5e-05,1024,100,,32,32,32,44,18,4,4,4,db4,1
tfeq_20250524_1625_1928,91.0595%,91.1355%,90.9689%,91.0522%,158484,0.0001,64,100,,32,32,32,44,18,4,4,4,db4,1
tfeq_20250524_1700_1222,91.2149%,91.0282%,91.4442%,91.2358%,158484,0.0001,64,100,,32,32,32,44,18,4,4,4,db4,1
tfeq_20250524_1703_6015,90.8584%,92.5714%,88.8483%,90.6716%,158484,0.0001,64,100,,32,32,32,44,18,4,4,4,db4,1
tfeq_20250524_1717_8114,90.7761%,90.4149%,91.2249%,90.8181%,158484,0.0001,64,100,,32,32,32,44,18,4,4,4,db4,1
tfeq_20250524_1745_5894,90.6116%,90.0487%,91.3163%,90.6780%,158484,0.0001,64,100,,32,32,32,44,18,4,4,4,db4,1
tfeq_20250524_1748_5611,91.1418%,91.8386%,90.3108%,91.0683%,158484,0.0001,64,100,,32,32,32,44,18,4,4,4,db4,1
tfeq_20250524_1802_6874,90.7396%,93.7905%,87.2578%,90.4063%,158484,0.0001,64,100,,32,32,32,44,18,4,4,4,db4,1
tfeq_20250524_1833_7417,90.7670%,91.1743%,90.2742%,90.7220%,158484,0.0001,256,100,,32,32,32,44,18,4,4,4,db4,1
tfeq_20250524_1847_5869,90.4744%,91.1218%,89.6892%,90.3999%,158484,0.0001,256,100,,32,32,32,44,18,4,4,4,db4,1
tfeq_20250524_1911_6829,90.6664%,91.3707%,89.8172%,90.5873%,158484,0.0001,256,100,,32,32,32,44,18,4,4,4,db4,1
tfeq_20250524_1919_8222,90.5110%,91.1590%,89.7258%,90.4367%,158484,0.0001,256,100,,32,32,32,44,18,4,4,4,db4,1
tfeq_20250524_1927_9328,90.3465%,91.0681%,89.4698%,90.2619%,158484,0.0001,256,100,,32,32,32,44,18,4,4,4,db4,1
tfeq_20250524_1953_7717,89.8254%,90.6816%,88.7751%,89.7182%,158484,0.0001,256,100,,32,32,32,44,18,4,4,4,db4,1
tfeq_20250524_2206_4350,90.0082%,93.0722%,86.4534%,89.6408%,158484,0.0001,1024,100,,32,32,32,44,18,4,4,4,db4,1
tfeq_20250524_2215_9137,91.2058%,92.4163%,89.7806%,91.0794%,158484,0.0002,64,100,,32,32,32,44,18,4,4,4,db4,1
tfeq_20250524_2238_2507,90.0082%,88.8238%,91.5356%,90.1594%,158484,0.0002,64,100,,32,32,32,44,18,4,4,4,db4,1
tfeq_20250524_2245_9214,90.2551%,90.0801%,90.4753%,90.2773%,158484,0.0002,64,100,,32,32,32,44,18,4,4,4,db4,1
tfeq_20250524_2305_1919,90.5202%,91.6557%,89.1590%,90.3901%,158484,0.0002,64,100,,32,32,32,44,18,4,4,4,db4,1
tfeq_20250524_2323_7087,90.5019%,91.6682%,89.1042%,90.3680%,158484,0.0002,64,100,,32,32,32,44,18,4,4,4,db4,1
tfeq_20250524_2330_8453,89.4140%,89.7053%,89.0494%,89.3761%,158484,0.0002,64,100,,32,32,32,44,18,4,4,4,db4,1
tfeq_20250524_2349_8168,92.7416%,95.2750%,89.9452%,92.5334%,158484,0.0002,64,100,,32,32,32,44,18,4,4,4,db4,1
tfeq_20250525_0015_7012,90.9864%,91.1376%,90.8044%,90.9707%,158484,0.0002,256,100,,32,32,32,44,18,4,4,4,db4,1
tfeq_20250525_0036_4521,91.2515%,91.3961%,91.0786%,91.2371%,158484,0.0002,256,100,,32,32,32,44,18,4,4,4,db4,1
tfeq_20250525_0053_8501,91.1509%,91.3787%,90.8775%,91.1274%,158484,0.0002,256,100,,32,32,32,44,18,4,4,4,db4,1
tfeq_20250525_0056_2989,90.3190%,90.8048%,89.7258%,90.2621%,158484,0.0002,256,100,,32,32,32,44,18,4,4,4,db4,1
tfeq_20250525_0117_2595,89.6608%,89.4813%,89.8903%,89.6854%,158484,0.0002,256,100,,32,32,32,44,18,4,4,4,db4,1
tfeq_20250525_0136_5061,89.4323%,89.6945%,89.1042%,89.3984%,158484,0.0002,256,100,,32,32,32,44,18,4,4,4,db4,1
tfeq_20250525_0343_1701,90.0357%,93.9054%,85.6307%,89.5774%,158484,0.0002,1024,100,,32,32,32,44,18,4,4,4,db4,1
tfeq_20250525_0405_2901,91.1052%,92.8204%,89.1042%,90.9244%,158484,0.0005,64,100,,32,32,32,44,18,4,4,4,db4,1
tfeq_20250525_0422_6847,90.3190%,90.3273%,90.3108%,90.3190%,158484,0.0005,64,100,,32,32,32,44,18,4,4,4,db4,1
tfeq_20250525_0424_4914,89.9991%,90.7146%,89.1225%,89.9115%,158484,0.0005,64,100,,32,32,32,44,18,4,4,4,db4,1
tfeq_20250525_0454_6712,89.5786%,91.6346%,87.1115%,89.3158%,158484,0.0005,64,100,,32,32,32,44,18,4,4,4,db4,1
tfeq_20250525_0507_3466,90.2093%,91.4296%,88.7386%,90.0640%,158484,0.0005,64,100,,32,32,32,44,18,4,4,4,db4,1
tfeq_20250525_0510_1447,90.0082%,90.3559%,89.5795%,89.9660%,158484,0.0005,64,100,,32,32,32,44,18,4,4,4,db4,1
tfeq_20250525_0539_3273,90.9224%,93.9352%,87.4954%,90.6010%,158484,0.0005,64,100,,32,32,32,44,18,4,4,4,db4,1
tfeq_20250525_0554_2764,91.0687%,91.3644%,90.7130%,91.0375%,158484,0.0005,256,100,,32,32,32,44,18,4,4,4,db4,1
tfeq_20250525_0626_5168,91.0869%,91.5665%,90.5119%,91.0361%,158484,0.0005,256,100,,32,32,32,44,18,4,4,4,db4,1
tfeq_20250525_0632_5064,90.6116%,91.1313%,89.9817%,90.5528%,158484,0.0005,256,100,,32,32,32,44,18,4,4,4,db4,1
tfeq_20250525_0639_1273,90.3465%,90.4657%,90.2011%,90.3332%,158484,0.0005,256,100,,32,32,32,44,18,4,4,4,db4,1
tfeq_20250525_0707_4099,89.4597%,89.5982%,89.2870%,89.4424%,158484,0.0005,256,100,,32,32,32,44,18,4,4,4,db4,1
tfeq_20250525_0714_9844,89.3683%,89.9462%,88.6472%,89.2920%,158484,0.0005,256,100,,32,32,32,44,18,4,4,4,db4,1
tfeq_20250525_0926_5241,90.0905%,93.6158%,86.0512%,89.6742%,158484,0.0005,1024,100,,32,32,32,44,18,4,4,4,db4,1
tfeq_20250525_0956_6790,91.3246%,92.6590%,89.7623%,91.1877%,158484,0.001,64,100,,32,32,32,44,18,4,4,4,db4,1
tfeq_20250525_1001_7003,90.5019%,89.8830%,91.2797%,90.5760%,158484,0.001,64,100,,32,32,32,44,18,4,4,4,db4,1
tfeq_20250525_1007_1574,90.3190%,89.6601%,91.1517%,90.3998%,158484,0.001,64,100,,32,32,32,44,18,4,4,4,db4,1
tfeq_20250525_1042_1271,90.5750%,92.0280%,88.8483%,90.4102%,158484,0.001,64,100,,32,32,32,44,18,4,4,4,db4,1
tfeq_20250525_1046_8460,91.7177%,92.9270%,90.3108%,91.6002%,158484,0.001,64,100,,32,32,32,44,18,4,4,4,db4,1
tfeq_20250525_1052_6489,93.0524%,94.8401%,91.0603%,92.9118%,158484,0.001,64,100,,32,32,32,44,18,4,4,4,db4,1
tfeq_20250525_1137_5042,90.6664%,91.3399%,89.8537%,90.5907%,158484,0.001,256,100,,32,32,32,44,18,4,4,4,db4,1
tfeq_20250525_1214_6306,90.7761%,90.9491%,90.5667%,90.7575%,158484,0.001,256,100,,32,32,32,44,18,4,4,4,db4,1
tfeq_20250525_1218_2722,89.1489%,88.5370%,89.9452%,89.2355%,158484,0.001,256,100,,32,32,32,44,18,4,4,4,db4,1
tfeq_20250525_1256_6867,89.5146%,89.2929%,89.7989%,89.5452%,158484,0.001,256,100,,32,32,32,44,18,4,4,4,db4,1
tfeq_20250525_1504_2277,90.0996%,93.3584%,86.3437%,89.7141%,158484,0.001,1024,100,,32,32,32,44,18,4,4,4,db4,1
tfeq_20250525_1541_4552,91.2698%,91.6283%,90.8410%,91.2329%,158484,0.002,64,100,,32,32,32,44,18,4,4,4,db4,1
tfeq_20250525_1546_3116,91.1144%,91.8185%,90.2742%,91.0398%,158484,0.002,64,100,,32,32,32,44,18,4,4,4,db4,1
tfeq_20250525_1627_2137,93.1621%,95.6144%,90.4753%,92.9739%,158484,0.002,64,100,,32,32,32,44,18,4,4,4,db4,1
tfeq_20250525_1631_6326,91.2789%,94.3093%,87.8611%,90.9710%,158484,0.002,64,100,,32,32,32,44,18,4,4,4,db4,1
tfeq_20250525_1716_8346,91.3338%,93.5142%,88.8300%,91.1119%,158484,0.002,256,100,,32,32,32,44,18,4,4,4,db4,1
tfeq_20250525_1713_1222,90.5933%,93.6676%,87.0750%,90.2511%,158484,0.002,64,100,,32,32,32,44,18,4,4,4,db4,1
tfeq_20250525_1754_9489,90.6390%,91.0148%,90.1828%,90.5969%,158484,0.002,256,100,,32,32,32,44,18,4,4,4,db4,1
tfeq_20250525_1800_4168,90.3556%,90.3196%,90.4022%,90.3609%,158484,0.002,256,100,,32,32,32,44,18,4,4,4,db4,1
tfeq_20250525_1803_1418,90.9498%,93.1766%,88.3729%,90.7112%,158484,0.002,256,100,,32,32,32,44,18,4,4,4,db4,1
tfeq_20250525_1835_3360,90.8493%,90.6051%,91.1517%,90.8776%,158484,0.002,256,100,,32,32,32,44,18,4,4,4,db4,1
tfeq_20250525_1842_8184,92.7233%,94.7701%,90.4388%,92.5538%,158484,0.002,256,100,,32,32,32,44,18,4,4,4,db4,1
tfeq_20250525_2050_6914,91.8914%,94.1437%,89.3419%,91.6800%,158484,0.002,1024,100,,32,32,32,44,18,4,4,4,db4,1
tfeq_20250525_2124_2456,90.6481%,92.3443%,88.6472%,90.4580%,158484,0.005,64,100,,32,32,32,44,18,4,4,4,db4,1
tfeq_20250525_2129_9373,93.8934%,95.5771%,92.0475%,93.7791%,158484,0.005,64,100,,32,32,32,44,18,4,4,4,db4,1
tfeq_20250525_2132_3542,93.3175%,96.1981%,90.2011%,93.1031%,158484,0.005,64,100,,32,32,32,44,18,4,4,4,db4,1
tfeq_20250525_2210_3429,92.5130%,95.4466%,89.2870%,92.2641%,158484,0.005,64,100,,32,32,32,44,18,4,4,4,db4,1
tfeq_20250525_2215_6251,49.9954%,0.0000%,0.0000%,0.0000%,158484,0.005,64,100,,32,32,32,44,18,4,4,4,db4,1
tfeq_20250525_2217_1880,49.9954%,0.0000%,0.0000%,0.0000%,158484,0.005,64,100,,32,32,32,44,18,4,4,4,db4,1
tfeq_20250525_2302_3420,91.1052%,91.5542%,90.5667%,91.0578%,158484,0.005,256,100,,32,32,32,44,18,4,4,4,db4,1
tfeq_20250525_2256_9598,49.9954%,0.0000%,0.0000%,0.0000%,158484,0.005,64,100,,32,32,32,44,18,4,4,4,db4,1
tfeq_20250525_2339_5814,93.2352%,94.6901%,91.6088%,93.1240%,158484,0.005,256,100,,32,32,32,44,18,4,4,4,db4,1
tfeq_20250525_2343_3488,92.3393%,94.3678%,90.0548%,92.1609%,158484,0.005,256,100,,32,32,32,44,18,4,4,4,db4,1
tfeq_20250525_2347_4561,93.0798%,95.3260%,90.6033%,92.9047%,158484,0.005,256,100,,32,32,32,44,18,4,4,4,db4,1
tfeq_20250526_0021_3271,49.9954%,0.0000%,0.0000%,0.0000%,158484,0.005,256,100,,32,32,32,44,18,4,4,4,db4,1
tfeq_20250526_0025_3366,49.9954%,0.0000%,0.0000%,0.0000%,158484,0.005,256,100,,32,32,32,44,18,4,4,4,db4,1
tfeq_20250526_0233_1398,50.0046%,50.0046%,100.0000%,66.6707%,158484,0.005,1024,100,,32,32,32,44,18,4,4,4,db4,1
tfeq_20250526_0310_3224,50.0046%,50.0046%,100.0000%,66.6707%,158484,0.01,64,100,,32,32,32,44,18,4,4,4,db4,1
tfeq_20250526_0312_5291,50.0046%,50.0046%,100.0000%,66.6707%,158484,0.01,64,100,,32,32,32,44,18,4,4,4,db4,1
tfeq_20250526_0315_4577,50.0046%,50.0046%,100.0000%,66.6707%,158484,0.01,64,100,,32,32,32,44,18,4,4,4,db4,1
tfeq_20250526_0356_2628,50.0046%,50.0046%,100.0000%,66.6707%,158484,0.01,64,100,,32,32,32,44,18,4,4,4,db4,1
tfeq_20250526_0400_6072,49.9954%,0.0000%,0.0000%,0.0000%,158484,0.01,64,100,,32,32,32,44,18,4,4,4,db4,1
tfeq_20250526_0444_5911,91.2058%,91.4643%,90.8958%,91.1792%,158484,0.01,256,100,,32,32,32,44,18,4,4,4,db4,1
tfeq_20250526_0441_8911,49.9954%,0.0000%,0.0000%,0.0000%,158484,0.01,64,100,,32,32,32,44,18,4,4,4,db4,1
tfeq_20250526_0522_7685,92.8147%,95.1775%,90.2011%,92.6225%,158484,0.01,256,100,,32,32,32,44,18,4,4,4,db4,1
tfeq_20250526_0529_2514,50.0046%,50.0046%,100.0000%,66.6707%,158484,0.01,256,100,,32,32,32,44,18,4,4,4,db4,1
tfeq_20250526_0602_2660,50.0046%,50.0046%,100.0000%,66.6707%,158484,0.01,256,100,,32,32,32,44,18,4,4,4,db4,1
tfeq_20250526_0610_4790,49.9954%,0.0000%,0.0000%,0.0000%,158484,0.01,256,100,,32,32,32,44,18,4,4,4,db4,1
tfeq_20250526_0816_6695,50.0046%,50.0046%,100.0000%,66.6707%,158484,0.01,1024,100,,32,32,32,44,18,4,4,4,db4,1
tfeq_20250527_1539_8619,49.9995%,50.0046%,44.8396%,47.2814%,55699,0.001,32,2,,32,32,32,44,18,4,4,4,db4,1
tfeq_20250527_1557_2004,49.9996%,50.0046%,45.8177%,47.8197%,55699,0.001,32,100,,32,32,32,44,18,4,4,4,db4,1
cnn_20250529_1609_1382,94.0762%,95.4049%,92.6143%,93.9889%,26993,0.002,100,100,,24,16,8,16,8,4,4,4,db4,1
cnn_20250529_1635_2623,94.9528%,95.3888%,93.9785%,94.6784%,14193,0.002,100,100,,24,16,8,16,8,4,4,4,db4,1
cnn_20250531_1733_2398,96.7322%,96.0483%,94.0668%,95.0473%,37383,0.002,1024,100,,32,24,16,22,11,4,4,4,db4,1
cnn_20250531_2259_6313,96.8215%,96.8152%,93.3976%,95.0757%,37383,0.002,1024,100,,32,24,16,22,11,4,4,4,db4,1
cnn_20250531_2312_6360,97.1742%,96.6181%,94.4878%,95.5411%,37383,0.002,1024,100,,32,24,16,22,11,4,4,4,db4,1
cnn_20250531_2329_2766,98.4594%,97.9113%,97.4572%,97.6837%,37383,0.002,1024,100,,32,24,16,22,11,4,4,4,db4,1
cnn_20250531_2340_7621,96.7322%,96.0483%,94.0668%,95.0473%,37383,0.002,1024,100,,32,24,16,22,11,4,4,4,db4,1
cnn_20250531_2358_2290,96.3964%,95.0266%,94.1148%,94.5685%,37383,0.002,100,100,,32,24,16,22,11,4,4,4,db4,1
cnn_20250604_1141_6187,95.2663%,92.8309%,92.9794%,92.9051%,137673,0.002,100,2,,32,32,32,44,18,4,4,4,db4,1
cnn_20250604_1152_4250,96.2418%,96.4345%,92.1318%,94.2341%,137673,0.002,100,100,,32,32,32,44,18,4,4,4,db4,1
