ModelID,Accuracy,Precision,Recall,F1 Score,Parameter Count,Learning Rate,Batch size,Epoch,Optimizer,conv1,conv2,conv3,f1,f2,k1,k2,k3,flops
cnn_20250610_1538_9328,96.4977%,95.3779%,94.0509%,94.7097%,41101,0.002,1024,50,,44,34,16,22,11,4,4,4,861920
cnn_20250610_1538_9848,96.6576%,95.5473%,94.3707%,94.9553%,32545,0.002,1024,50,,44,34,12,22,11,4,4,4,803680
cnn_20250610_1538_8370,96.6843%,95.2871%,94.7385%,95.0120%,66769,0.002,1024,50,,44,34,28,22,11,4,4,4,1040000
cnn_20250610_1538_5818,96.6629%,96.8059%,93.0593%,94.8956%,75325,0.002,1024,50,,44,34,32,22,11,4,4,4,1090000
cnn_20250610_1538_2805,96.6576%,96.5112%,93.3472%,94.9029%,79603,0.002,1024,50,,44,34,34,22,11,4,4,4,1120000
cnn_20250610_1538_6977,96.7216%,96.7186%,93.3312%,94.9947%,23989,0.002,1024,50,,44,34,8,22,11,4,4,4,745440
cnn_20250610_1538_8536,96.6256%,96.0203%,93.7630%,94.8782%,58213,0.002,1024,50,,44,34,24,22,11,4,4,4,978400
cnn_20250610_1538_9918,96.2365%,97.0164%,91.5241%,94.1903%,15433,0.002,1024,50,,44,34,4,22,11,4,4,4,687200
cnn_20250610_1543_7052,96.6096%,95.7187%,94.0349%,94.8693%,32095,0.002,1024,50,,44,32,12,22,11,4,4,4,761480
cnn_20250610_1543_1535,96.7536%,96.5523%,93.6031%,95.0548%,40619,0.002,1024,50,,44,32,16,22,11,4,4,4,816810
cnn_20250610_1543_4055,96.5297%,96.2059%,93.2672%,94.7138%,23571,0.002,1024,50,,44,32,8,22,11,4,4,4,706150
cnn_20250610_1543_5129,96.5776%,97.0327%,92.5636%,94.7455%,78977,0.002,1024,50,,44,32,34,22,11,4,4,4,1070000
cnn_20250610_1543_4820,96.6043%,96.4593%,93.2352%,94.8199%,57667,0.002,1024,50,,44,32,24,22,11,4,4,4,927460
cnn_20250610_1543_8836,96.7376%,95.1497%,95.0584%,95.1040%,74715,0.002,1024,50,,44,32,32,22,11,4,4,4,1040000
cnn_20250610_1543_8312,96.4337%,95.7255%,93.4751%,94.5869%,11155,0.002,1024,50,,44,34,2,22,11,4,4,4,658080
cnn_20250610_1543_1920,96.6150%,94.8722%,94.9784%,94.9253%,66191,0.002,1024,50,,44,32,28,22,11,4,4,4,982790
cnn_20250610_1547_4321,96.1352%,94.1675%,94.2428%,94.2051%,15047,0.002,1024,50,,44,32,4,22,11,4,4,4,650820
cnn_20250610_1547_8941,96.0552%,97.0633%,90.9164%,93.8893%,10785,0.002,1024,50,,44,32,2,22,11,4,4,4,623160
cnn_20250610_1547_7975,96.7696%,95.5918%,94.6746%,95.1310%,56575,0.002,1024,50,,44,28,24,22,11,4,4,4,825590
cnn_20250610_1547_5697,96.3751%,97.3331%,91.6360%,94.3987%,39655,0.002,1024,50,,44,28,16,22,11,4,4,4,726580
cnn_20250610_1547_3021,96.7056%,96.1356%,93.8909%,95.0000%,77725,0.002,1024,50,,44,28,34,22,11,4,4,4,949350
cnn_20250610_1547_1415,96.5723%,95.8783%,93.7470%,94.8007%,65035,0.002,1024,50,,44,28,28,22,11,4,4,4,875100
cnn_20250610_1547_2167,96.3378%,94.1326%,94.9304%,94.5298%,31195,0.002,1024,50,,44,28,12,22,11,4,4,4,677080
cnn_20250610_1547_3693,96.6629%,95.5628%,94.3707%,94.9630%,73495,0.002,1024,50,,44,28,32,22,11,4,4,4,924600
cnn_20250610_1551_6810,96.6523%,95.8734%,94.0029%,94.9289%,22735,0.002,1024,50,,44,28,8,22,11,4,4,4,627580
cnn_20250610_1551_9204,96.4710%,96.4755%,92.8035%,94.6038%,14275,0.002,1024,50,,44,28,4,22,11,4,4,4,578070
cnn_20250610_1551_5290,96.3111%,95.1453%,93.7150%,94.4248%,10045,0.002,1024,50,,44,28,2,22,11,4,4,4,553320
cnn_20250610_1552_7882,96.6736%,95.4758%,94.4986%,94.9847%,55483,0.002,1024,50,,44,24,24,22,11,4,4,4,723720
cnn_20250610_1551_6512,96.6896%,95.9530%,94.0349%,94.9843%,63879,0.002,1024,50,,44,24,28,22,11,4,4,4,767400
cnn_20250610_1551_6793,96.2631%,95.7784%,92.8834%,94.3087%,72275,0.002,1024,50,,44,24,32,22,11,4,4,4,811080
cnn_20250610_1551_3108,96.6256%,96.8333%,92.9154%,94.8339%,38691,0.002,1024,50,,44,24,16,22,11,4,4,4,636360
cnn_20250610_1551_8119,96.5883%,95.6267%,94.0668%,94.8404%,76473,0.002,1024,50,,44,24,34,22,11,4,4,4,832920
cnn_20250610_1555_6736,96.3697%,96.1106%,92.8674%,94.4612%,30295,0.002,1024,50,,44,24,12,22,11,4,4,4,592680
cnn_20250610_1555_3190,96.5617%,95.8920%,93.6990%,94.7828%,21899,0.002,1024,50,,44,24,8,22,11,4,4,4,549000
cnn_20250610_1556_5739,96.3218%,95.1762%,93.7150%,94.4400%,13503,0.002,1024,50,,44,24,4,22,11,4,4,4,505320
cnn_20250610_1556_7344,96.3218%,94.6684%,94.2747%,94.4712%,9305,0.002,1024,50,,44,24,2,22,11,4,4,4,483480
cnn_20250610_1556_9746,96.4764%,95.8812%,93.4431%,94.6465%,62723,0.002,1024,50,,44,20,28,22,11,4,4,4,659700
cnn_20250610_1556_4939,96.6523%,95.8137%,94.0668%,94.9322%,54391,0.002,1024,50,,44,20,24,22,11,4,4,4,621850
cnn_20250610_1556_1260,96.7056%,95.7907%,94.2588%,95.0185%,75221,0.002,1024,50,,44,20,34,22,11,4,4,4,716490
cnn_20250610_1556_2775,96.5617%,96.1488%,93.4272%,94.7684%,71055,0.002,1024,50,,44,20,32,22,11,4,4,4,697560
cnn_20250610_1559_4034,96.5350%,97.1554%,92.3077%,94.6695%,37727,0.002,1024,50,,44,20,16,22,11,4,4,4,546140
cnn_20250610_1600_7232,96.4924%,97.0880%,92.2437%,94.6039%,29395,0.002,1024,50,,44,20,12,22,11,4,4,4,508280
cnn_20250610_1600_4839,96.5670%,96.3937%,93.1873%,94.7634%,21063,0.002,1024,50,,44,20,8,22,11,4,4,4,470420
cnn_20250610_1600_7206,96.3538%,96.1545%,92.7715%,94.4327%,8565,0.002,1024,50,,44,20,2,22,11,4,4,4,413640
cnn_20250610_1600_4420,96.4284%,96.8766%,92.2597%,94.5118%,12731,0.002,1024,50,,44,20,4,22,11,4,4,4,432570
cnn_20250610_1600_5555,96.4017%,95.0420%,94.1148%,94.5761%,73969,0.002,1024,50,,44,16,34,22,11,4,4,4,600060
cnn_20250610_1600_5746,96.5990%,96.1684%,93.5231%,94.8273%,61567,0.002,1024,50,,44,16,28,22,11,4,4,4,552010
cnn_20250610_1600_2953,96.7003%,95.9843%,94.0349%,94.9996%,69835,0.002,1024,50,,44,16,32,22,11,4,4,4,584040
cnn_20250610_1603_8181,96.2258%,93.2595%,95.5861%,94.4085%,53299,0.002,1024,50,,44,16,24,22,11,4,4,4,519980
cnn_20250610_1604_9484,96.3484%,95.8800%,93.0433%,94.4404%,20227,0.002,1024,50,,44,16,8,22,11,4,4,4,391850
cnn_20250610_1604_8039,96.2951%,95.8884%,92.8674%,94.3537%,36763,0.002,1024,50,,44,16,16,22,11,4,4,4,455910
cnn_20250610_1604_5106,96.5670%,95.6982%,93.9229%,94.8023%,28495,0.002,1024,50,,44,16,12,22,11,4,4,4,423880
cnn_20250610_1604_7192,96.5776%,95.8490%,93.7950%,94.8109%,11959,0.002,1024,50,,44,16,4,22,11,4,4,4,359820
cnn_20250610_1604_4845,96.2365%,94.9878%,93.6510%,94.3147%,7825,0.002,1024,50,,44,16,2,22,11,4,4,4,343800
cnn_20250610_1604_4574,96.4977%,96.2938%,93.0753%,94.6572%,71465,0.002,1024,50,,44,8,34,22,11,4,4,4,367190
cnn_20250610_1604_1657,96.3644%,95.7014%,93.2832%,94.4768%,67395,0.002,1024,50,,44,8,32,22,11,4,4,4,357000
cnn_20250610_1607_3520,96.3751%,95.1255%,93.9389%,94.5285%,59255,0.002,1024,50,,44,8,28,22,11,4,4,4,336620
cnn_20250610_1608_3371,96.3697%,96.1106%,92.8674%,94.4612%,34835,0.002,1024,50,,44,8,16,22,11,4,4,4,275460
cnn_20250610_1608_2027,96.3378%,95.0178%,93.9389%,94.4753%,26695,0.002,1024,50,,44,8,12,22,11,4,4,4,255080
cnn_20250610_1608_8603,96.5563%,96.3159%,93.2352%,94.7505%,18555,0.002,1024,50,,44,8,8,22,11,4,4,4,234700
cnn_20250610_1608_1097,96.0659%,93.7490%,94.4986%,94.1223%,10415,0.002,1024,50,,44,8,4,22,11,4,4,4,214310
cnn_20250610_1608_6619,96.2205%,96.2617%,92.2437%,94.2099%,51115,0.002,1024,50,,44,8,24,22,11,4,4,4,316230
cnn_20250610_1608_9814,96.1672%,95.3755%,93.0114%,94.1786%,6345,0.002,1024,50,,44,8,2,22,11,4,4,4,204120
cnn_20250610_1608_9243,95.6448%,96.4457%,90.2607%,93.2507%,70213,0.002,1024,50,,44,4,34,22,11,4,4,4,250760
cnn_20250610_1611_7846,96.3378%,96.0609%,92.8194%,94.4124%,66175,0.002,1024,50,,44,4,32,22,11,4,4,4,243480
cnn_20250610_1612_2829,96.3164%,96.0736%,92.7395%,94.3771%,25795,0.002,1024,50,,44,4,12,22,11,4,4,4,170680
cnn_20250610_1612_1681,96.2951%,95.7976%,92.9634%,94.3592%,58099,0.002,1024,50,,44,4,28,22,11,4,4,4,228920
cnn_20250610_1612_1158,95.9220%,96.7462%,90.8204%,93.6897%,17719,0.002,1024,50,,44,4,8,22,11,4,4,4,156120
cnn_20250610_1612_2857,96.2418%,94.7997%,93.8749%,94.3351%,33871,0.002,1024,50,,44,4,16,22,11,4,4,4,185240
cnn_20250610_1612_3986,95.9113%,94.5726%,93.0753%,93.8180%,50023,0.002,1024,50,,44,4,24,22,11,4,4,4,214360
cnn_20250610_1612_4599,96.0232%,96.0991%,91.7959%,93.8982%,9643,0.002,1024,50,,44,4,4,22,11,4,4,4,141560
cnn_20250610_1612_6661,96.2845%,95.7962%,92.9314%,94.3421%,5605,0.002,1024,50,,44,4,2,22,11,4,4,4,134280
cnn_20250610_1614_8731,96.7003%,95.8198%,94.2108%,95.0085%,78411,0.002,1024,50,,36,34,34,22,11,4,4,4,1010000
cnn_20250610_1615_4396,96.5723%,97.0164%,92.5636%,94.7377%,74133,0.002,1024,50,,36,34,32,22,11,4,4,4,981740
cnn_20250610_1616_9810,96.5670%,96.1646%,93.4272%,94.7761%,31353,0.002,1024,50,,36,34,12,22,11,4,4,4,690540
cnn_20250610_1616_1452,96.6523%,96.2658%,93.5871%,94.9076%,57021,0.002,1024,50,,36,34,24,22,11,4,4,4,865260
cnn_20250610_1616_1059,96.5776%,94.9671%,94.7545%,94.8607%,65577,0.002,1024,50,,36,34,28,22,11,4,4,4,923500
cnn_20250610_1616_3476,96.5243%,95.7075%,93.7790%,94.7334%,14241,0.002,1024,50,,36,34,4,22,11,4,4,4,574060
cnn_20250610_1616_3505,96.3591%,96.3240%,92.6115%,94.4313%,39909,0.002,1024,50,,36,34,16,22,11,4,4,4,748780
cnn_20250610_1616_3314,96.4337%,95.7255%,93.4751%,94.5869%,22797,0.002,1024,50,,36,34,8,22,11,4,4,4,632300
cnn_20250610_1618_1846,96.2418%,97.0169%,91.5401%,94.1990%,9963,0.002,1024,50,,36,34,2,22,11,4,4,4,544940
cnn_20250610_1619_8349,96.6310%,94.7888%,95.1223%,94.9553%,77849,0.002,1024,50,,36,32,34,22,11,4,4,4,958660
cnn_20250610_1620_7425,96.6896%,95.4047%,94.6266%,95.0141%,73587,0.002,1024,50,,36,32,32,22,11,4,4,4,931000
cnn_20250610_1620_7484,96.6363%,95.9764%,93.8430%,94.8977%,65063,0.002,1024,50,,36,32,28,22,11,4,4,4,875670
cnn_20250610_1620_2195,96.5830%,96.5958%,93.0273%,94.7780%,56539,0.002,1024,50,,36,32,24,22,11,4,4,4,820340
cnn_20250610_1620_9369,96.2311%,95.6386%,92.9314%,94.2656%,22443,0.002,1024,50,,36,32,8,22,11,4,4,4,599030
cnn_20250610_1620_3196,96.7056%,96.6705%,93.3312%,94.9715%,39491,0.002,1024,50,,36,32,16,22,11,4,4,4,709690
cnn_20250610_1620_4096,96.5936%,95.2159%,94.5306%,94.8720%,30967,0.002,1024,50,,36,32,12,22,11,4,4,4,654360
cnn_20250610_1622_2257,96.4337%,94.4869%,94.8345%,94.6604%,13919,0.002,1024,50,,36,32,4,22,11,4,4,4,543700
cnn_20250610_1624_6805,96.2898%,96.3779%,92.3397%,94.3156%,9657,0.002,1024,50,,36,32,2,22,11,4,4,4,516039
cnn_20250610_1624_1656,96.1032%,97.2127%,90.9164%,93.9592%,64035,0.002,1024,50,,36,28,28,22,11,4,4,4,780010
cnn_20250610_1624_1943,96.5883%,96.5500%,93.0913%,94.7891%,72495,0.002,1024,50,,36,28,32,22,11,4,4,4,829510
cnn_20250610_1624_7392,96.6043%,96.3979%,93.2992%,94.8232%,30195,0.002,1024,50,,36,28,12,22,11,4,4,4,581990
cnn_20250610_1624_1607,96.3111%,96.5200%,92.2597%,94.3418%,38655,0.002,1024,50,,36,28,16,22,11,4,4,4,631500
cnn_20250610_1624_5401,96.5670%,96.5786%,92.9954%,94.7531%,76725,0.002,1024,50,,36,28,34,22,11,4,4,4,854260
cnn_20250610_1624_3125,96.6096%,95.7783%,93.9709%,94.8660%,55575,0.002,1024,50,,36,28,24,22,11,4,4,4,730500
cnn_20250610_1626_7019,96.4284%,96.9712%,92.1638%,94.5064%,21735,0.002,1024,50,,36,28,8,22,11,4,4,4,532490
cnn_20250610_1628_1122,96.5563%,96.2242%,93.3312%,94.7556%,13275,0.002,1024,50,,36,28,4,22,11,4,4,4,482980
cnn_20250610_1628_7801,96.4657%,95.2705%,94.0668%,94.6648%,9045,0.002,1024,50,,36,28,2,22,11,4,4,4,458230
cnn_20250610_1628_9977,96.5137%,96.4339%,92.9794%,94.6751%,54611,0.002,1024,50,,36,24,24,22,11,4,4,4,640660
cnn_20250610_1628_9441,96.4071%,96.9218%,92.1478%,94.4745%,63007,0.002,1024,50,,36,24,28,22,11,4,4,4,684340
cnn_20250610_1628_3770,96.3164%,97.1037%,91.6840%,94.3160%,71403,0.002,1024,50,,36,24,32,22,11,4,4,4,728020
cnn_20250610_1628_3741,96.6096%,96.4906%,93.2193%,94.8267%,75601,0.002,1024,50,,36,24,34,22,11,4,4,4,749860
cnn_20250610_1629_5289,96.4764%,94.4233%,95.0424%,94.7318%,37819,0.002,1024,50,,36,24,16,22,11,4,4,4,553300
cnn_20250610_1630_6816,96.5776%,95.2281%,94.4667%,94.8459%,29423,0.002,1024,50,,36,24,12,22,11,4,4,4,509620
cnn_20250610_1632_9321,96.4284%,96.8608%,92.2757%,94.5127%,21027,0.002,1024,50,,36,24,8,22,11,4,4,4,465940
cnn_20250610_1632_7711,96.1299%,95.3851%,92.8834%,94.1176%,8433,0.002,1024,50,,36,24,2,22,11,4,4,4,400420
cnn_20250610_1632_5267,96.4231%,96.1780%,92.9634%,94.5434%,12631,0.002,1024,50,,36,24,4,22,11,4,4,4,422260
cnn_20250610_1632_9244,96.6310%,95.8857%,93.9229%,94.8942%,70311,0.002,1024,50,,36,20,32,22,11,4,4,4,626540
cnn_20250610_1632_2792,96.3218%,97.6856%,91.1243%,94.2909%,74477,0.002,1024,50,,36,20,34,22,11,4,4,4,645460
cnn_20250610_1632_5473,96.6683%,96.5586%,93.3312%,94.9175%,61979,0.002,1024,50,,36,20,28,22,11,4,4,4,588680
cnn_20250610_1633_1234,96.4550%,95.9237%,93.3312%,94.6097%,53647,0.002,1024,50,,36,20,24,22,11,4,4,4,550820
cnn_20250610_1633_7092,96.5297%,96.7613%,92.6915%,94.6827%,36983,0.002,1024,50,,36,20,16,22,11,4,4,4,475110
cnn_20250610_1636_3580,96.5457%,95.5025%,94.0668%,94.7792%,28651,0.002,1024,50,,36,20,12,22,11,4,4,4,437260
cnn_20250610_1636_6568,96.3591%,96.2011%,92.7395%,94.4386%,20319,0.002,1024,50,,36,20,8,22,11,4,4,4,399400
cnn_20250610_1636_7666,96.1299%,96.9903%,91.2202%,94.0168%,11987,0.002,1024,50,,36,20,4,22,11,4,4,4,361540
cnn_20250610_1637_7267,96.2311%,96.6364%,91.8919%,94.2044%,69219,0.002,1024,50,,36,16,32,22,11,4,4,4,525050
cnn_20250610_1637_3879,96.4657%,94.7486%,94.6426%,94.6956%,73353,0.002,1024,50,,36,16,34,22,11,4,4,4,541060
cnn_20250610_1637_8304,96.1458%,96.4706%,91.7959%,94.0752%,60951,0.002,1024,50,,36,16,28,22,11,4,4,4,493020
cnn_20250610_1637_2160,96.3964%,96.3745%,92.6755%,94.4888%,52683,0.002,1024,50,,36,16,24,22,11,4,4,4,460980
cnn_20250610_1640_7804,96.4977%,96.2632%,93.1073%,94.6590%,36147,0.002,1024,50,,36,16,16,22,11,4,4,4,396920
cnn_20250610_1640_2071,96.3591%,95.8814%,93.0753%,94.4575%,27879,0.002,1024,50,,36,16,12,22,11,4,4,4,364890
cnn_20250610_1640_7261,96.4924%,95.1137%,94.3227%,94.7166%,19611,0.002,1024,50,,36,16,8,22,11,4,4,4,332860
cnn_20250610_1640_9500,96.2418%,95.7152%,92.8834%,94.2781%,11343,0.002,1024,50,,36,16,4,22,11,4,4,4,300820
cnn_20250610_1640_5253,96.1938%,96.3825%,92.0358%,94.1590%,7209,0.002,1024,50,,36,16,2,22,11,4,4,4,284810
cnn_20250610_1641_1971,96.3591%,97.3157%,91.6040%,94.3735%,71105,0.002,1024,50,,36,8,34,22,11,4,4,4,332260
cnn_20250610_1641_5878,96.3218%,96.5991%,92.2117%,94.3544%,67035,0.002,1024,50,,36,8,32,22,11,4,4,4,322070
cnn_20250610_1641_7873,96.4977%,96.6489%,92.7075%,94.6372%,58895,0.002,1024,50,,36,8,28,22,11,4,4,4,301690
cnn_20250610_1644_2989,96.4071%,94.8833%,94.3067%,94.5942%,34475,0.002,1024,50,,36,8,16,22,11,4,4,4,240540
cnn_20250610_1644_7973,96.3271%,95.7566%,93.1073%,94.4134%,50755,0.002,1024,50,,36,8,24,22,11,4,4,4,281300
cnn_20250610_1644_9974,95.8047%,96.9911%,90.2127%,93.4792%,18195,0.002,1024,50,,36,8,8,22,11,4,4,4,199770
cnn_20250610_1644_3908,95.9273%,96.0409%,91.5561%,93.7449%,10055,0.002,1024,50,,36,8,4,22,11,4,4,4,179380
cnn_20250610_1644_3978,96.3751%,96.6204%,92.3557%,94.4399%,26335,0.002,1024,50,,36,8,12,22,11,4,4,4,220150
cnn_20250610_1645_3956,96.2045%,94.7939%,93.7630%,94.2756%,5985,0.002,1024,50,,36,8,2,22,11,4,4,4,169190
cnn_20250610_1645_3088,96.1139%,95.5776%,92.6275%,94.0794%,69981,0.002,1024,50,,36,4,34,22,11,4,4,4,227860
cnn_20250610_1646_7710,96.2365%,95.5793%,93.0114%,94.2778%,65943,0.002,1024,50,,36,4,32,22,11,4,4,4,220580
cnn_20250610_1648_4606,96.1938%,95.1868%,93.2992%,94.2336%,33639,0.002,1024,50,,36,4,16,22,11,4,4,4,162340
cnn_20250610_1648_4236,95.9379%,96.1817%,91.4441%,93.7531%,17487,0.002,1024,50,,36,4,8,22,11,4,4,4,133220
cnn_20250610_1648_4224,95.9913%,96.3906%,91.3961%,93.8270%,25563,0.002,1024,50,,36,4,12,22,11,4,4,4,147780
cnn_20250610_1648_9119,96.0019%,96.1429%,91.6840%,93.8605%,49791,0.002,1024,50,,36,4,24,22,11,4,4,4,191460
cnn_20250610_1648_4594,96.1032%,96.2324%,91.9079%,94.0204%,57867,0.002,1024,50,,36,4,28,22,11,4,4,4,206020
cnn_20250610_1648_7732,95.9273%,96.9065%,90.6765%,93.6880%,9411,0.002,1024,50,,36,4,4,22,11,4,4,4,118660
cnn_20250610_1649_9608,95.9379%,95.5080%,92.1478%,93.7978%,5373,0.002,1024,50,,36,4,2,22,11,4,4,4,111380
cnn_20250610_1649_1251,96.5030%,96.0658%,93.3312%,94.6788%,77815,0.002,1024,50,,32,34,34,22,11,4,4,4,954300
cnn_20250610_1652_8977,96.5137%,96.1735%,93.2512%,94.6898%,73537,0.002,1024,50,,32,34,32,22,11,4,4,4,925180
cnn_20250610_1652_1005,96.4497%,96.3344%,92.8834%,94.5774%,39313,0.002,1024,50,,32,34,16,22,11,4,4,4,692220
cnn_20250610_1652_3538,96.5830%,94.3566%,95.4582%,94.9042%,64981,0.002,1024,50,,32,34,28,22,11,4,4,4,866940
cnn_20250610_1652_5042,96.2898%,96.5332%,92.1798%,94.3063%,56425,0.002,1024,50,,32,34,24,22,11,4,4,4,808700
cnn_20250610_1652_8761,96.4817%,94.7512%,94.6905%,94.7208%,30757,0.002,1024,50,,32,34,12,22,11,4,4,4,633980
cnn_20250610_1653_3085,96.4604%,95.5798%,93.7150%,94.6382%,13645,0.002,1024,50,,32,34,4,22,11,4,4,4,517500
cnn_20250610_1652_7954,96.5990%,96.3360%,93.3472%,94.8181%,22201,0.002,1024,50,,32,34,8,22,11,4,4,4,575740
cnn_20250610_1653_7620,96.0979%,93.3836%,95.0264%,94.1978%,9367,0.002,1024,50,,32,34,2,22,11,4,4,4,488380
cnn_20250610_1656_5041,96.5403%,94.9038%,94.7065%,94.8051%,64499,0.002,1024,50,,32,32,28,22,11,4,4,4,822110
cnn_20250610_1656_8916,96.5243%,95.2350%,94.2907%,94.7605%,38927,0.002,1024,50,,32,32,16,22,11,4,4,4,656130
cnn_20250610_1656_7942,96.6043%,96.7221%,92.9634%,94.8055%,77285,0.002,1024,50,,32,32,34,22,11,4,4,4,905100
cnn_20250610_1656_2849,96.3964%,95.0849%,94.0509%,94.5650%,73023,0.002,1024,50,,32,32,32,22,11,4,4,4,877440
cnn_20250610_1656_8645,96.6523%,96.2506%,93.6031%,94.9084%,55975,0.002,1024,50,,32,32,24,22,11,4,4,4,766780
cnn_20250610_1657_7922,96.6150%,96.1551%,93.5871%,94.8537%,30403,0.002,1024,50,,32,32,12,22,11,4,4,4,600800
cnn_20250610_1657_3653,96.6203%,96.1103%,93.6510%,94.8647%,21879,0.002,1024,50,,32,32,8,22,11,4,4,4,545470
cnn_20250610_1657_5381,96.4817%,94.8804%,94.5466%,94.7132%,13355,0.002,1024,50,,32,32,4,22,11,4,4,4,490140
cnn_20250610_1700_7509,96.1618%,96.6920%,91.6200%,94.0877%,9093,0.002,1024,50,,32,32,2,22,11,4,4,4,462480
cnn_20250610_1700_7909,96.5563%,96.0875%,93.4751%,94.7633%,76225,0.002,1024,50,,32,28,34,22,11,4,4,4,806720
cnn_20250610_1700_7308,96.7855%,96.1300%,94.1468%,95.1281%,71995,0.002,1024,50,,32,28,32,22,11,4,4,4,781970
cnn_20250610_1700_1582,96.6576%,96.3579%,93.5071%,94.9111%,63535,0.002,1024,50,,32,28,28,22,11,4,4,4,732460
cnn_20250610_1700_6242,96.4817%,95.2289%,94.1628%,94.6928%,55075,0.002,1024,50,,32,28,24,22,11,4,4,4,682960
cnn_20250610_1701_4293,96.4497%,94.7748%,94.5626%,94.6686%,38155,0.002,1024,50,,32,28,16,22,11,4,4,4,583950
cnn_20250610_1701_4186,96.5457%,95.7850%,93.7630%,94.7632%,29695,0.002,1024,50,,32,28,12,22,11,4,4,4,534450
cnn_20250610_1702_6070,96.4071%,96.9376%,92.1318%,94.4736%,21235,0.002,1024,50,,32,28,8,22,11,4,4,4,484940
cnn_20250610_1704_6997,95.9060%,97.3907%,90.1327%,93.6213%,12775,0.002,1024,50,,32,28,4,22,11,4,4,4,435440
cnn_20250610_1704_3695,96.2205%,95.1760%,93.3952%,94.2772%,8545,0.002,1024,50,,32,28,2,22,11,4,4,4,410690
cnn_20250610_1704_5937,96.6043%,95.3488%,94.4187%,94.8815%,75165,0.002,1024,50,,32,24,34,22,11,4,4,4,708340
cnn_20250610_1704_4322,96.5457%,96.8567%,92.6435%,94.7033%,70967,0.002,1024,50,,32,24,32,22,11,4,4,4,686500
cnn_20250610_1704_7688,96.4444%,95.5331%,93.7150%,94.6153%,62571,0.002,1024,50,,32,24,28,22,11,4,4,4,642820
cnn_20250610_1705_4814,96.5883%,96.0762%,93.5871%,94.8153%,54175,0.002,1024,50,,32,24,24,22,11,4,4,4,599140
cnn_20250610_1705_9621,96.3058%,93.3157%,95.7780%,94.5308%,37383,0.002,1024,50,,32,24,16,22,11,4,4,4,511780
cnn_20250610_1705_5382,96.4977%,96.6333%,92.7235%,94.6380%,28987,0.002,1024,50,,32,24,12,22,11,4,4,4,468100
cnn_20250610_1708_7340,96.2525%,96.2038%,92.4036%,94.2654%,12195,0.002,1024,50,,32,24,4,22,11,4,4,4,380740
cnn_20250610_1708_2438,96.5350%,96.0243%,93.4751%,94.7326%,20591,0.002,1024,50,,32,24,8,22,11,4,4,4,424420
cnn_20250610_1708_2311,96.3058%,96.2562%,92.5156%,94.3489%,7997,0.002,1024,50,,32,24,2,22,11,4,4,4,358900
cnn_20250610_1709_3817,96.4017%,96.6388%,92.4196%,94.4821%,61607,0.002,1024,50,,32,20,28,22,11,4,4,4,553170
cnn_20250610_1708_2869,96.2525%,94.1879%,94.5946%,94.3908%,74105,0.002,1024,50,,32,20,34,22,11,4,4,4,609950
cnn_20250610_1708_4114,96.5083%,96.6656%,92.7235%,94.6535%,69939,0.002,1024,50,,32,20,32,22,11,4,4,4,591020
cnn_20250610_1709_1723,96.4604%,94.8052%,94.5626%,94.6837%,53275,0.002,1024,50,,32,20,24,22,11,4,4,4,515309
cnn_20250610_1709_3580,96.1085%,96.2330%,91.9239%,94.0291%,36611,0.002,1024,50,,32,20,16,22,11,4,4,4,439600
cnn_20250610_1712_6169,96.5990%,95.8068%,93.9069%,94.8474%,19947,0.002,1024,50,,32,20,8,22,11,4,4,4,363890
cnn_20250610_1712_8100,96.4764%,94.9662%,94.4347%,94.6997%,11615,0.002,1024,50,,32,20,4,22,11,4,4,4,326030
cnn_20250610_1712_4231,96.4444%,96.8781%,92.3077%,94.5377%,28279,0.002,1024,50,,32,20,12,22,11,4,4,4,401740
cnn_20250610_1712_8542,96.5723%,95.8184%,93.8110%,94.8040%,73045,0.002,1024,50,,32,16,34,22,11,4,4,4,511570
cnn_20250610_1713_6978,96.3324%,96.4602%,92.3877%,94.3800%,7449,0.002,1024,50,,32,20,2,22,11,4,4,4,307100
cnn_20250610_1713_5674,96.4710%,95.5813%,93.7470%,94.6553%,68911,0.002,1024,50,,32,16,32,22,11,4,4,4,495550
cnn_20250610_1713_5331,96.0872%,97.0663%,91.0123%,93.9419%,60643,0.002,1024,50,,32,16,28,22,11,4,4,4,463520
cnn_20250610_1713_7588,96.6256%,96.2171%,93.5551%,94.8674%,52375,0.002,1024,50,,32,16,24,22,11,4,4,4,431490
cnn_20250610_1716_9041,96.2045%,97.1414%,91.3002%,94.1303%,27571,0.002,1024,50,,32,16,12,22,11,4,4,4,335390
cnn_20250610_1716_1629,96.4177%,95.4109%,93.7630%,94.5798%,35839,0.002,1024,50,,32,16,16,22,11,4,4,4,367420
cnn_20250610_1716_6285,96.2578%,96.0970%,92.5316%,94.2806%,11035,0.002,1024,50,,32,16,4,22,11,4,4,4,271330
cnn_20250610_1716_7000,96.3591%,96.7282%,92.1957%,94.4076%,19303,0.002,1024,50,,32,16,8,22,11,4,4,4,303360
cnn_20250610_1716_8565,96.1778%,96.0106%,92.3717%,94.1560%,6901,0.002,1024,50,,32,16,2,22,11,4,4,4,255310
cnn_20250610_1717_8971,96.4657%,96.3362%,92.9314%,94.6032%,70925,0.002,1024,50,,32,8,34,22,11,4,4,4,314800
cnn_20250610_1717_7432,96.5457%,95.9200%,93.6191%,94.7556%,58715,0.002,1024,50,,32,8,28,22,11,4,4,4,284220
cnn_20250610_1717_6854,96.3111%,96.6292%,92.1478%,94.3353%,66855,0.002,1024,50,,32,8,32,22,11,4,4,4,304610
cnn_20250610_1720_9375,96.1458%,96.9759%,91.2842%,94.0440%,50575,0.002,1024,50,,32,8,24,22,11,4,4,4,263840
cnn_20250610_1720_4175,96.3271%,95.6664%,93.2033%,94.4188%,26155,0.002,1024,50,,32,8,12,22,11,4,4,4,202690
cnn_20250610_1720_4189,96.0712%,96.2752%,91.7640%,93.9654%,18015,0.002,1024,50,,32,8,8,22,11,4,4,4,182300
cnn_20250610_1720_9868,95.9646%,97.3140%,90.3886%,93.7236%,34295,0.002,1024,50,,32,8,16,22,11,4,4,4,223070
cnn_20250610_1720_5635,96.2685%,95.8093%,92.8674%,94.3154%,9875,0.002,1024,50,,32,8,4,22,11,4,4,4,161920
cnn_20250610_1721_9484,96.1299%,94.9569%,93.3472%,94.1452%,5805,0.002,1024,50,,32,8,2,22,11,4,4,4,151730
cnn_20250610_1721_1596,95.9486%,95.5397%,92.1478%,93.8131%,69865,0.002,1024,50,,32,4,34,22,11,4,4,4,216420
cnn_20250610_1721_8658,95.3729%,97.0799%,88.7894%,92.7497%,65827,0.002,1024,50,,32,4,32,22,11,4,4,4,209140
cnn_20250610_1723_8811,95.7620%,96.6496%,90.4206%,93.4314%,57751,0.002,1024,50,,32,4,28,22,11,4,4,4,194580
cnn_20250610_1723_1021,95.8527%,95.8773%,91.4921%,93.6334%,49675,0.002,1024,50,,32,4,24,22,11,4,4,4,180020
cnn_20250610_1724_2844,96.1085%,94.8805%,93.3632%,94.1158%,33523,0.002,1024,50,,32,4,16,22,11,4,4,4,150900
cnn_20250610_1724_6032,96.1725%,95.7968%,92.5796%,94.1607%,17371,0.002,1024,50,,32,4,8,22,11,4,4,4,121780
cnn_20250610_1724_2653,96.1192%,95.8050%,92.4036%,94.0736%,25447,0.002,1024,50,,32,4,12,22,11,4,4,4,136340
cnn_20250610_1724_7796,95.9220%,96.6667%,90.9004%,93.6949%,9295,0.002,1024,50,,32,4,4,22,11,4,4,4,107220
cnn_20250610_1725_1274,95.8420%,95.8452%,91.4921%,93.6181%,5257,0.002,1024,50,,32,4,2,22,11,4,4,4,99940
cnn_20250610_1725_5259,96.6843%,96.2543%,93.6990%,94.9595%,77517,0.002,1024,50,,30,34,34,22,11,4,4,4,926010
cnn_20250610_1727_6497,96.5776%,95.1699%,94.5306%,94.8492%,73239,0.002,1024,50,,30,34,32,22,11,4,4,4,896890
cnn_20250610_1727_9710,95.9539%,97.6413%,90.0368%,93.6850%,64683,0.002,1024,50,,30,34,28,22,11,4,4,4,838650
cnn_20250610_1728_3676,96.6043%,96.1084%,93.6031%,94.8392%,39015,0.002,1024,50,,30,34,16,22,11,4,4,4,663930
cnn_20250610_1728_4746,96.6789%,95.9817%,93.9709%,94.9657%,56127,0.002,1024,50,,30,34,24,22,11,4,4,4,780410
cnn_20250610_1728_3150,96.6523%,96.4032%,93.4431%,94.9001%,30459,0.002,1024,50,,30,34,12,22,11,4,4,4,605690
cnn_20250610_1728_9126,96.6416%,95.1502%,94.7545%,94.9519%,21903,0.002,1024,50,,30,34,8,22,11,4,4,4,547450
cnn_20250610_1728_9334,96.5083%,95.9606%,93.4591%,94.6933%,13347,0.002,1024,50,,30,34,4,22,11,4,4,4,489210
cnn_20250610_1729_4057,96.4497%,95.1511%,94.1468%,94.6463%,9069,0.002,1024,50,,30,34,2,22,11,4,4,4,460090
cnn_20250610_1731_2946,96.6683%,94.9664%,95.0424%,95.0044%,77003,0.002,1024,50,,30,32,34,22,11,4,4,4,878320
cnn_20250610_1731_3142,96.7536%,96.4756%,93.6830%,95.0588%,72741,0.002,1024,50,,30,32,32,22,11,4,4,4,850660
cnn_20250610_1732_7106,96.5457%,95.2089%,94.3867%,94.7960%,55693,0.002,1024,50,,30,32,24,22,11,4,4,4,740000
cnn_20250610_1732_6466,96.7482%,96.0352%,94.1308%,95.0735%,64217,0.002,1024,50,,30,32,28,22,11,4,4,4,795330
cnn_20250610_1732_5963,96.5617%,96.4700%,93.0913%,94.7505%,38645,0.002,1024,50,,30,32,16,22,11,4,4,4,629350
cnn_20250610_1732_2931,96.7216%,96.1677%,93.9069%,95.0239%,30121,0.002,1024,50,,30,32,12,22,11,4,4,4,574020
cnn_20250610_1732_9453,96.4177%,97.0177%,92.0838%,94.4864%,21597,0.002,1024,50,,30,32,8,22,11,4,4,4,518690
cnn_20250610_1733_9967,96.5030%,96.7898%,92.5796%,94.6379%,13073,0.002,1024,50,,30,32,4,22,11,4,4,4,463360
cnn_20250610_1736_7116,96.3964%,95.7807%,93.2992%,94.5237%,8811,0.002,1024,50,,30,32,2,22,11,4,4,4,435700
cnn_20250610_1736_3940,96.6416%,96.1583%,93.6670%,94.8963%,75975,0.002,1024,50,,30,28,34,22,11,4,4,4,782950
cnn_20250610_1736_4419,96.5297%,94.6161%,94.9944%,94.8049%,71745,0.002,1024,50,,30,28,32,22,11,4,4,4,758200
cnn_20250610_1736_3156,96.6576%,96.9459%,92.8994%,94.8795%,54825,0.002,1024,50,,30,28,24,22,11,4,4,4,659190
cnn_20250610_1736_8788,96.7269%,96.8745%,93.1873%,94.9951%,63285,0.002,1024,50,,30,28,28,22,11,4,4,4,708690
cnn_20250610_1736_3628,96.4071%,97.1279%,91.9399%,94.4627%,37905,0.002,1024,50,,30,28,16,22,11,4,4,4,560180
cnn_20250610_1736_3763,96.4497%,95.5190%,93.7470%,94.6247%,29445,0.002,1024,50,,30,28,12,22,11,4,4,4,510680
cnn_20250610_1737_3300,96.3378%,96.5074%,92.3557%,94.3859%,20985,0.002,1024,50,,30,28,8,22,11,4,4,4,461170
cnn_20250610_1740_9036,96.5617%,97.0312%,92.5156%,94.7196%,12525,0.002,1024,50,,30,28,4,22,11,4,4,4,411670
cnn_20250610_1740_2340,95.8047%,93.9248%,93.4591%,93.6914%,8295,0.002,1024,50,,30,28,2,22,11,4,4,4,386920
cnn_20250610_1740_5981,96.6896%,96.5455%,93.4112%,94.9525%,70749,0.002,1024,50,,30,24,32,22,11,4,4,4,665730
cnn_20250610_1740_4467,96.6256%,95.3811%,94.4507%,94.9136%,62353,0.002,1024,50,,30,24,28,22,11,4,4,4,622050
cnn_20250610_1740_4393,96.3431%,96.5235%,92.3557%,94.3936%,53957,0.002,1024,50,,30,24,24,22,11,4,4,4,578370
cnn_20250610_1740_1186,96.5723%,96.4558%,93.1393%,94.7685%,74947,0.002,1024,50,,30,24,34,22,11,4,4,4,687570
cnn_20250610_1740_6451,96.4817%,96.8975%,92.4036%,94.5972%,37165,0.002,1024,50,,30,24,16,22,11,4,4,4,491010
cnn_20250610_1741_7766,96.4550%,94.3774%,95.0264%,94.7008%,28769,0.002,1024,50,,30,24,12,22,11,4,4,4,447330
cnn_20250610_1744_7963,96.3697%,94.5475%,94.5626%,94.5550%,20373,0.002,1024,50,,30,24,8,22,11,4,4,4,403650
cnn_20250610_1744_3157,96.6523%,96.1292%,93.7310%,94.9150%,11977,0.002,1024,50,,30,24,4,22,11,4,4,4,359970
cnn_20250610_1744_6059,96.1512%,95.9157%,92.3877%,94.1186%,7779,0.002,1024,50,,30,24,2,22,11,4,4,4,338130
cnn_20250610_1744_9089,96.4710%,96.8965%,92.3717%,94.5800%,73919,0.002,1024,50,,30,20,34,22,11,4,4,4,592200
cnn_20250610_1744_8177,96.5776%,95.5217%,94.1468%,94.8293%,61421,0.002,1024,50,,30,20,28,22,11,4,4,4,535410
cnn_20250610_1744_4597,96.2738%,94.5460%,94.2588%,94.4022%,69753,0.002,1024,50,,30,20,32,22,11,4,4,4,573270
cnn_20250610_1744_7492,96.5776%,96.4256%,93.1873%,94.7788%,53089,0.002,1024,50,,30,20,24,22,11,4,4,4,497560
cnn_20250610_1745_7473,96.4390%,96.2258%,92.9634%,94.5665%,36425,0.002,1024,50,,30,20,16,22,11,4,4,4,421840
cnn_20250610_1748_8067,96.5936%,95.7763%,93.9229%,94.8405%,19761,0.002,1024,50,,30,20,8,22,11,4,4,4,346130
cnn_20250610_1748_2051,96.5936%,96.7210%,92.9314%,94.7884%,28093,0.002,1024,50,,30,20,12,22,11,4,4,4,383990
cnn_20250610_1748_6728,96.1938%,95.4687%,92.9954%,94.2158%,11429,0.002,1024,50,,30,20,4,22,11,4,4,4,308280
cnn_20250610_1748_2469,95.9753%,96.7517%,90.9803%,93.7773%,7263,0.002,1024,50,,30,20,2,22,11,4,4,4,289350
cnn_20250610_1748_8510,96.5776%,95.5956%,94.0668%,94.8251%,68757,0.002,1024,50,,30,16,32,22,11,4,4,4,480800
cnn_20250610_1749_9050,96.5403%,96.1311%,93.3792%,94.7351%,72891,0.002,1024,50,,30,16,34,22,11,4,4,4,496820
cnn_20250610_1749_8685,96.6096%,94.8571%,94.9784%,94.9177%,60489,0.002,1024,50,,30,16,28,22,11,4,4,4,448770
cnn_20250610_1749_2679,96.4657%,96.5213%,92.7395%,94.5926%,52221,0.002,1024,50,,30,16,24,22,11,4,4,4,416740
cnn_20250610_1751_1903,96.5083%,95.0725%,94.4187%,94.7444%,35685,0.002,1024,50,,30,16,16,22,11,4,4,4,352680
cnn_20250610_1752_3396,96.4017%,96.6388%,92.4196%,94.4821%,27417,0.002,1024,50,,30,16,12,22,11,4,4,4,320640
cnn_20250610_1752_4625,96.2045%,95.9377%,92.5316%,94.2038%,19149,0.002,1024,50,,30,16,8,22,11,4,4,4,288610
cnn_20250610_1752_3986,96.1938%,93.3615%,95.3622%,94.3513%,10881,0.002,1024,50,,30,16,4,22,11,4,4,4,256579
cnn_20250610_1753_4554,96.4124%,96.5000%,92.5956%,94.5075%,70835,0.002,1024,50,,30,8,34,22,11,4,4,4,306070
cnn_20250610_1753_1396,96.3857%,95.1271%,93.9709%,94.5455%,66765,0.002,1024,50,,30,8,32,22,11,4,4,4,295880
cnn_20250610_1753_2145,96.3964%,95.9769%,93.0913%,94.5121%,58625,0.002,1024,50,,30,8,28,22,11,4,4,4,275490
cnn_20250610_1755_5269,96.2738%,96.7508%,91.9079%,94.2672%,50485,0.002,1024,50,,30,8,24,22,11,4,4,4,255110
cnn_20250610_1755_9636,96.4071%,96.0998%,92.9954%,94.5221%,34205,0.002,1024,50,,30,8,16,22,11,4,4,4,214340
cnn_20250610_1756_5007,96.4071%,95.8724%,93.2352%,94.5354%,26065,0.002,1024,50,,30,8,12,22,11,4,4,4,193960
cnn_20250610_1756_5790,96.1565%,95.3740%,92.9794%,94.1615%,17925,0.002,1024,50,,30,8,8,22,11,4,4,4,173570
cnn_20250610_1756_4041,96.4444%,96.1958%,93.0114%,94.5768%,9785,0.002,1024,50,,30,8,4,22,11,4,4,4,153190
cnn_20250610_1757_7403,96.0126%,95.5034%,92.3877%,93.9197%,5715,0.002,1024,50,,30,8,2,22,11,4,4,4,143000
cnn_20250610_1756_4948,96.2845%,95.6457%,93.0913%,94.3512%,69807,0.002,1024,50,,30,4,34,22,11,4,4,4,210690
cnn_20250610_1800_6503,95.9966%,95.9419%,91.8759%,93.8649%,33465,0.002,1024,50,,30,4,16,22,11,4,4,4,145170
cnn_20250610_1800_4720,95.6981%,96.5470%,90.3246%,93.3322%,25389,0.002,1024,50,,30,4,12,22,11,4,4,4,130610
cnn_20250610_1800_1819,96.0446%,95.8257%,92.1478%,93.9508%,49617,0.002,1024,50,,30,4,24,22,11,4,4,4,174290
cnn_20250610_1800_5368,96.1992%,96.0286%,92.4196%,94.1896%,57693,0.002,1024,50,,30,4,28,22,11,4,4,4,188850
cnn_20250610_1803_3688,96.5883%,97.0810%,92.5476%,94.7601%,64385,0.002,1024,50,,28,34,28,22,11,4,4,4,810370
cnn_20250610_1803_3838,96.3324%,93.0528%,96.1778%,94.5895%,72941,0.002,1024,50,,28,34,32,22,11,4,4,4,868610
cnn_20250610_1803_4925,96.6789%,95.7724%,94.1948%,94.9770%,55829,0.002,1024,50,,28,34,24,22,11,4,4,4,752130
cnn_20250610_1803_1340,96.6629%,96.3585%,93.5231%,94.9197%,38717,0.002,1024,50,,28,34,16,22,11,4,4,4,635650
cnn_20250610_1803_4527,96.0765%,97.4867%,90.5645%,93.8982%,30161,0.002,1024,50,,28,34,12,22,11,4,4,4,577410
cnn_20250610_1803_8640,96.1565%,96.9610%,91.3322%,94.0624%,21605,0.002,1024,50,,28,34,8,22,11,4,4,4,519169
cnn_20250610_1803_7643,96.4177%,96.0707%,93.0593%,94.5410%,13049,0.002,1024,50,,28,34,4,22,11,4,4,4,460930
cnn_20250610_1804_1159,96.1192%,93.6621%,94.7705%,94.2130%,8771,0.002,1024,50,,28,34,2,22,11,4,4,4,431810
cnn_20250610_1808_6826,96.5617%,96.2096%,93.3632%,94.7650%,63935,0.002,1024,50,,28,32,28,22,11,4,4,4,768550
cnn_20250610_1808_1447,96.5830%,96.5803%,93.0433%,94.7789%,29839,0.002,1024,50,,28,32,12,22,11,4,4,4,547240
cnn_20250610_1808_5811,96.4497%,96.3959%,92.8194%,94.5739%,12791,0.002,1024,50,,28,32,4,22,11,4,4,4,436580
cnn_20250610_1808_2278,96.4817%,96.0936%,93.2352%,94.6429%,55411,0.002,1024,50,,28,32,24,22,11,4,4,4,713220
cnn_20250610_1808_6485,96.4497%,96.5506%,92.6595%,94.5650%,21315,0.002,1024,50,,28,32,8,22,11,4,4,4,491910
cnn_20250610_1808_4877,96.6310%,95.3965%,94.4507%,94.9212%,38363,0.002,1024,50,,28,32,16,22,11,4,4,4,602570
cnn_20250610_1808_6858,96.7482%,96.4139%,93.7310%,95.0535%,72459,0.002,1024,50,,28,32,32,22,11,4,4,4,823880
cnn_20250610_1808_1520,96.7802%,96.1143%,94.1468%,95.1204%,76721,0.002,1024,50,,28,32,34,22,11,4,4,4,851540
cnn_20250610_1812_3803,96.1992%,94.0802%,94.5466%,94.3128%,8529,0.002,1024,50,,28,32,2,22,11,4,4,4,408920
cnn_20250610_1812_2831,96.4497%,96.5661%,92.6435%,94.5642%,71495,0.002,1024,50,,28,28,32,22,11,4,4,4,734420
cnn_20250610_1812_7068,96.6843%,96.7924%,93.1393%,94.9307%,63035,0.002,1024,50,,28,28,28,22,11,4,4,4,684920
cnn_20250610_1812_5386,96.6683%,95.3432%,94.6266%,94.9835%,37655,0.002,1024,50,,28,28,16,22,11,4,4,4,536410
cnn_20250610_1812_6093,96.3857%,97.1260%,91.8759%,94.4280%,75725,0.002,1024,50,,28,28,34,22,11,4,4,4,759180
cnn_20250610_1812_2807,96.7482%,95.1079%,95.1383%,95.1231%,54575,0.002,1024,50,,28,28,24,22,11,4,4,4,635420
cnn_20250610_1812_2623,96.6469%,96.3567%,93.4751%,94.8941%,29195,0.002,1024,50,,28,28,12,22,11,4,4,4,486900
cnn_20250610_1812_9269,96.2365%,97.3374%,91.2042%,94.1711%,20735,0.002,1024,50,,28,28,8,22,11,4,4,4,437400
cnn_20250610_1816_5273,96.4071%,96.1456%,92.9474%,94.5194%,12275,0.002,1024,50,,28,28,4,22,11,4,4,4,387900
cnn_20250610_1816_7369,96.4977%,96.9306%,92.4196%,94.6214%,74729,0.002,1024,50,,28,24,34,22,11,4,4,4,666810
cnn_20250610_1816_6497,96.5137%,96.4956%,92.9154%,94.6717%,36947,0.002,1024,50,,28,24,16,22,11,4,4,4,470250
cnn_20250610_1816_2422,96.3911%,94.4515%,94.7385%,94.5948%,53739,0.002,1024,50,,28,24,24,22,11,4,4,4,557610
cnn_20250610_1816_8131,96.6256%,96.7088%,93.0433%,94.8407%,70531,0.002,1024,50,,28,24,32,22,11,4,4,4,644970
cnn_20250610_1816_4552,96.5723%,95.8034%,93.8270%,94.8049%,62135,0.002,1024,50,,28,24,28,22,11,4,4,4,601290
cnn_20250610_1816_2940,96.4817%,95.0540%,94.3547%,94.7030%,28551,0.002,1024,50,,28,24,12,22,11,4,4,4,426570
cnn_20250610_1820_6943,96.4231%,95.7391%,93.4272%,94.5690%,11759,0.002,1024,50,,28,24,4,22,11,4,4,4,339210
cnn_20250610_1820_6245,96.6096%,96.6451%,93.0593%,94.8183%,69567,0.002,1024,50,,28,20,32,22,11,4,4,4,555510
cnn_20250610_1820_3891,96.3644%,94.9782%,94.0668%,94.5203%,7561,0.002,1024,50,,28,24,2,22,11,4,4,4,317370
cnn_20250610_1820_7684,96.0712%,97.2422%,90.7884%,93.9046%,20155,0.002,1024,50,,28,24,8,22,11,4,4,4,382890
cnn_20250610_1820_7574,96.1938%,97.3986%,91.0123%,94.0972%,52903,0.002,1024,50,,28,20,24,22,11,4,4,4,479800
cnn_20250610_1820_4077,96.4604%,96.2130%,93.0433%,94.6016%,61235,0.002,1024,50,,28,20,28,22,11,4,4,4,517659
cnn_20250610_1820_7405,96.4817%,96.9290%,92.3717%,94.5955%,36239,0.002,1024,50,,28,20,16,22,11,4,4,4,404090
cnn_20250610_1820_6508,96.4177%,97.1289%,91.9719%,94.4800%,73733,0.002,1024,50,,28,20,34,22,11,4,4,4,574440
cnn_20250610_1824_7730,96.3857%,95.6743%,93.3792%,94.5128%,11243,0.002,1024,50,,28,20,4,22,11,4,4,4,290520
cnn_20250610_1824_6254,96.5563%,96.0572%,93.5071%,94.7650%,27907,0.002,1024,50,,28,20,12,22,11,4,4,4,366230
cnn_20250610_1824_3837,96.3004%,95.6030%,93.1873%,94.3797%,7077,0.002,1024,50,,28,20,2,22,11,4,4,4,271590
cnn_20250610_1824_7095,96.4764%,96.9285%,92.3557%,94.5868%,68603,0.002,1024,50,,28,16,32,22,11,4,4,4,466060
cnn_20250610_1824_5617,96.3004%,96.6594%,92.0838%,94.3161%,19575,0.002,1024,50,,28,20,8,22,11,4,4,4,328380
cnn_20250610_1824_6403,96.3857%,96.6996%,92.3077%,94.4526%,72737,0.002,1024,50,,28,16,34,22,11,4,4,4,482070
cnn_20250610_1824_7618,96.5617%,96.4238%,93.1393%,94.7531%,60335,0.002,1024,50,,28,16,28,22,11,4,4,4,434020
cnn_20250610_1824_1688,96.4924%,96.0494%,93.3152%,94.6626%,52067,0.002,1024,50,,28,16,24,22,11,4,4,4,401990
cnn_20250610_1827_1701,96.6363%,96.4015%,93.3952%,94.8745%,35531,0.002,1024,50,,28,16,16,22,11,4,4,4,337930
cnn_20250610_1828_5068,96.1032%,96.7174%,91.4121%,93.9900%,6593,0.002,1024,50,,28,16,2,22,11,4,4,4,225820
cnn_20250610_1828_1207,96.5243%,95.7972%,93.6830%,94.7283%,27263,0.002,1024,50,,28,16,12,22,11,4,4,4,305900
cnn_20250610_1828_9073,96.3218%,95.5163%,93.3472%,94.4193%,18995,0.002,1024,50,,28,16,8,22,11,4,4,4,273860
cnn_20250610_1828_8186,96.2898%,96.3779%,92.3397%,94.3156%,70745,0.002,1024,50,,28,8,34,22,11,4,4,4,297340
cnn_20250610_1828_9625,96.4977%,95.7040%,93.6990%,94.6909%,58535,0.002,1024,50,,28,8,28,22,11,4,4,4,266760
cnn_20250610_1828_2932,96.1512%,96.8173%,91.4601%,94.0625%,66675,0.002,1024,50,,28,8,32,22,11,4,4,4,287140
cnn_20250610_1828_9183,96.3484%,96.3536%,92.5476%,94.4123%,10727,0.002,1024,50,,28,16,4,22,11,4,4,4,241830
cnn_20250610_1831_4589,96.0765%,96.1210%,91.9399%,93.9840%,34115,0.002,1024,50,,28,8,16,22,11,4,4,4,205610
cnn_20250610_1832_6735,96.2951%,95.8732%,92.8834%,94.3546%,5625,0.002,1024,50,,28,8,2,22,11,4,4,4,134260
cnn_20250610_1831_2818,96.2152%,95.4121%,93.1233%,94.2538%,50395,0.002,1024,50,,28,8,24,22,11,4,4,4,246380
cnn_20250610_1832_3998,96.3697%,94.7335%,94.3547%,94.5437%,9695,0.002,1024,50,,28,8,4,22,11,4,4,4,144460
cnn_20250610_1832_9058,96.1299%,96.7993%,91.4121%,94.0286%,25975,0.002,1024,50,,28,8,12,22,11,4,4,4,185220
cnn_20250610_1832_4158,96.2525%,95.7468%,92.8834%,94.2934%,17835,0.002,1024,50,,28,8,8,22,11,4,4,4,164840
cnn_20250610_1832_7204,95.9806%,95.4238%,92.3717%,93.8729%,69749,0.002,1024,50,,28,4,34,22,11,4,4,4,204970
cnn_20250610_1832_1348,95.9966%,97.0256%,90.7724%,93.7949%,65711,0.002,1024,50,,28,4,32,22,11,4,4,4,197690
cnn_20250610_1835_5654,95.7514%,92.5718%,94.8665%,93.7051%,57635,0.002,1024,50,,28,4,28,22,11,4,4,4,183130
cnn_20250610_1835_7143,96.1458%,95.6572%,92.6435%,94.1262%,49559,0.002,1024,50,,28,4,24,22,11,4,4,4,168570
cnn_20250610_1835_7603,95.6234%,96.2849%,90.3566%,93.2266%,17255,0.002,1024,50,,28,4,8,22,11,4,4,4,110330
cnn_20250610_1836_3932,96.0552%,96.4761%,91.5081%,93.9265%,33407,0.002,1024,50,,28,4,16,22,11,4,4,4,139450
cnn_20250610_1836_9213,95.9486%,95.5246%,92.1638%,93.8141%,25331,0.002,1024,50,,28,4,12,22,11,4,4,4,124890
cnn_20250610_1836_4480,95.9966%,96.0187%,91.7959%,93.8599%,9179,0.002,1024,50,,28,4,4,22,11,4,4,4,95770
cnn_20250610_1836_3097,95.9646%,96.5447%,91.1562%,93.7731%,5141,0.002,1024,50,,28,4,2,22,11,4,4,4,88490
cnn_20250610_1836_3041,96.6469%,96.5563%,93.2672%,94.8833%,76623,0.002,1024,50,,24,34,34,22,11,4,4,4,841160
cnn_20250610_1838_2094,96.5457%,97.0929%,92.4036%,94.6903%,72345,0.002,1024,50,,24,34,32,22,11,4,4,4,812040
cnn_20250610_1839_5680,96.6896%,96.8241%,93.1233%,94.9376%,63789,0.002,1024,50,,24,34,28,22,11,4,4,4,753800
cnn_20250610_1839_5097,96.4817%,95.7917%,93.5551%,94.6602%,55233,0.002,1024,50,,24,34,24,22,11,4,4,4,695560
cnn_20250610_1840_3240,96.6896%,95.7737%,94.2268%,94.9940%,12453,0.002,1024,50,,24,34,4,22,11,4,4,4,404360
cnn_20250610_1839_4488,96.5243%,96.3889%,93.0593%,94.6949%,38121,0.002,1024,50,,24,34,16,22,11,4,4,4,579080
cnn_20250610_1840_6964,96.6310%,96.3702%,93.4112%,94.8676%,29565,0.002,1024,50,,24,34,12,22,11,4,4,4,520840
cnn_20250610_1840_4920,96.7589%,95.4875%,94.7545%,95.1196%,21009,0.002,1024,50,,24,34,8,22,11,4,4,4,462600
cnn_20250610_1840_6201,96.2951%,96.4871%,92.2437%,94.3177%,8175,0.002,1024,50,,24,34,2,22,11,4,4,4,375240
cnn_20250610_1842_3485,96.4764%,94.9518%,94.4507%,94.7006%,76157,0.002,1024,50,,24,32,34,22,11,4,4,4,797980
cnn_20250610_1843_9416,96.5776%,96.2725%,93.3472%,94.7873%,71895,0.002,1024,50,,24,32,32,22,11,4,4,4,770320
cnn_20250610_1843_6016,96.7269%,95.8679%,94.2428%,95.0484%,63371,0.002,1024,50,,24,32,28,22,11,4,4,4,714990
cnn_20250610_1844_5852,96.6150%,96.5529%,93.1713%,94.8319%,20751,0.002,1024,50,,24,32,8,22,11,4,4,4,438350
cnn_20250610_1844_4715,96.6896%,95.9680%,94.0189%,94.9834%,37799,0.002,1024,50,,24,32,16,22,11,4,4,4,549010
cnn_20250610_1844_7715,96.5243%,96.5741%,92.8674%,94.6845%,29275,0.002,1024,50,,24,32,12,22,11,4,4,4,493680
cnn_20250610_1844_9185,96.3484%,93.7874%,95.3622%,94.5682%,54847,0.002,1024,50,,24,32,24,22,11,4,4,4,659660
cnn_20250610_1844_5791,96.4817%,96.2920%,93.0273%,94.6315%,12227,0.002,1024,50,,24,32,4,22,11,4,4,4,383020
cnn_20250610_1846_5381,96.2898%,94.9960%,93.8110%,94.3997%,7965,0.002,1024,50,,24,32,2,22,11,4,4,4,355360
cnn_20250610_1847_7270,96.5936%,96.3967%,93.2672%,94.8061%,75225,0.002,1024,50,,24,28,34,22,11,4,4,4,711630
cnn_20250610_1847_8125,96.5083%,95.7802%,93.6510%,94.7036%,70995,0.002,1024,50,,24,28,32,22,11,4,4,4,686880
cnn_20250610_1847_8540,96.5830%,96.8760%,92.7395%,94.7626%,62535,0.002,1024,50,,24,28,28,22,11,4,4,4,637380
cnn_20250610_1848_9777,96.6576%,95.6064%,94.3067%,94.9521%,54075,0.002,1024,50,,24,28,24,22,11,4,4,4,587870
cnn_20250610_1848_2420,96.6416%,96.1128%,93.7150%,94.8988%,37155,0.002,1024,50,,24,28,16,22,11,4,4,4,488860
cnn_20250610_1848_9707,96.4870%,95.3323%,94.0668%,94.6953%,28695,0.002,1024,50,,24,28,12,22,11,4,4,4,439360
cnn_20250610_1848_8222,96.4977%,94.5825%,94.9304%,94.7562%,20235,0.002,1024,50,,24,28,8,22,11,4,4,4,389860
cnn_20250610_1850_7076,96.4657%,96.5213%,92.7395%,94.5926%,11775,0.002,1024,50,,24,28,4,22,11,4,4,4,340350
cnn_20250610_1851_7304,96.4071%,96.5149%,92.5636%,94.4980%,7545,0.002,1024,50,,24,28,2,22,11,4,4,4,315600
cnn_20250610_1851_4084,96.5510%,95.4295%,94.1628%,94.7919%,74293,0.002,1024,50,,24,24,34,22,11,4,4,4,625280
cnn_20250610_1851_9149,96.5617%,95.2842%,94.3547%,94.8172%,70095,0.002,1024,50,,24,24,32,22,11,4,4,4,603440
cnn_20250610_1852_4275,96.6469%,96.3873%,93.4431%,94.8924%,61699,0.002,1024,50,,24,24,28,22,11,4,4,4,559760
cnn_20250610_1852_6413,96.7589%,96.4456%,93.7310%,95.0689%,53303,0.002,1024,50,,24,24,24,22,11,4,4,4,516080
cnn_20250610_1852_4546,96.4924%,96.2320%,93.1233%,94.6521%,36511,0.002,1024,50,,24,24,16,22,11,4,4,4,428720
cnn_20250610_1852_2076,96.6629%,96.1154%,93.7790%,94.9328%,28115,0.002,1024,50,,24,24,12,22,11,4,4,4,385040
cnn_20250610_1854_3605,96.5403%,96.3447%,93.1553%,94.7231%,19719,0.002,1024,50,,24,24,8,22,11,4,4,4,341360
cnn_20250610_1855_3730,96.5457%,96.1773%,93.3472%,94.7411%,11323,0.002,1024,50,,24,24,4,22,11,4,4,4,297680
cnn_20250610_1855_7154,96.0552%,96.4448%,91.5401%,93.9285%,7125,0.002,1024,50,,24,24,2,22,11,4,4,4,275840
cnn_20250610_1855_3505,96.4657%,94.5489%,94.8665%,94.7074%,73361,0.002,1024,50,,24,20,34,22,11,4,4,4,538930
cnn_20250610_1855_8257,96.1458%,97.1039%,91.1562%,94.0361%,69195,0.002,1024,50,,24,20,32,22,11,4,4,4,520000
cnn_20250610_1856_4973,96.5670%,97.2059%,92.3557%,94.7187%,60863,0.002,1024,50,,24,20,28,22,11,4,4,4,482140
cnn_20250610_1856_5469,96.4337%,96.3172%,92.8514%,94.5526%,52531,0.002,1024,50,,24,20,24,22,11,4,4,4,444290
cnn_20250610_1856_2623,96.5776%,96.0749%,93.5551%,94.7982%,35867,0.002,1024,50,,24,20,16,22,11,4,4,4,368580
cnn_20250610_1858_2169,96.3164%,93.8367%,95.2023%,94.5146%,27535,0.002,1024,50,,24,20,12,22,11,4,4,4,330720
cnn_20250610_1858_7874,96.2418%,96.2951%,92.2757%,94.2425%,19203,0.002,1024,50,,24,20,8,22,11,4,4,4,292860
cnn_20250610_1859_4479,96.2258%,96.9995%,91.5081%,94.1738%,10871,0.002,1024,50,,24,20,4,22,11,4,4,4,255010
cnn_20250610_1859_2021,96.2951%,95.6622%,93.1073%,94.3675%,6705,0.002,1024,50,,24,20,2,22,11,4,4,4,236080
cnn_20250610_1859_4097,96.5723%,96.9849%,92.5956%,94.7394%,72429,0.002,1024,50,,24,16,34,22,11,4,4,4,452580
cnn_20250610_1900_1261,96.6736%,96.3292%,93.5871%,94.9384%,68295,0.002,1024,50,,24,16,32,22,11,4,4,4,436560
cnn_20250610_1900_5117,96.3431%,95.2528%,93.6990%,94.4695%,51759,0.002,1024,50,,24,16,24,22,11,4,4,4,372500
cnn_20250610_1900_9470,96.5563%,94.9639%,94.6905%,94.8270%,60027,0.002,1024,50,,24,16,28,22,11,4,4,4,404530
cnn_20250610_1902_1365,96.5830%,96.1513%,93.4911%,94.8026%,35223,0.002,1024,50,,24,16,16,22,11,4,4,4,308430
cnn_20250610_1902_1331,96.5776%,96.3489%,93.2672%,94.7830%,26955,0.002,1024,50,,24,16,12,22,11,4,4,4,276400
cnn_20250610_1903_5026,96.3644%,96.0947%,92.8674%,94.4535%,18687,0.002,1024,50,,24,16,8,22,11,4,4,4,244370
cnn_20250610_1903_4393,96.1245%,96.2040%,92.0038%,94.0571%,10419,0.002,1024,50,,24,16,4,22,11,4,4,4,212340
cnn_20250610_1903_3617,96.1618%,96.7077%,91.6040%,94.0867%,70565,0.002,1024,50,,24,8,34,22,11,4,4,4,279870
cnn_20250610_1903_9417,96.0232%,97.3191%,90.5645%,93.8204%,6285,0.002,1024,50,,24,16,2,22,11,4,4,4,196320
cnn_20250610_1906_1504,96.3644%,96.1099%,92.8514%,94.4526%,50215,0.002,1024,50,,24,8,24,22,11,4,4,4,228910
cnn_20250610_1906_2999,96.2738%,95.6443%,93.0593%,94.3341%,33935,0.002,1024,50,,24,8,16,22,11,4,4,4,188140
cnn_20250610_1906_8735,96.4071%,96.1151%,92.9794%,94.5212%,25795,0.002,1024,50,,24,8,12,22,11,4,4,4,167760
cnn_20250610_1906_1852,96.2258%,96.1545%,92.3717%,94.2251%,17655,0.002,1024,50,,24,8,8,22,11,4,4,4,147380
cnn_20250610_1909_8263,96.2205%,95.0878%,93.4911%,94.2827%,25215,0.002,1024,50,,24,4,12,22,11,4,4,4,113440
cnn_20250610_1909_8866,96.1405%,95.9754%,92.2917%,94.0975%,49443,0.002,1024,50,,24,4,24,22,11,4,4,4,157120
cnn_20250610_1909_4702,96.2738%,95.7798%,92.9154%,94.3258%,33291,0.002,1024,50,,24,4,16,22,11,4,4,4,128000
cnn_20250610_1909_3088,96.0552%,95.2999%,92.7395%,94.0023%,57519,0.002,1024,50,,24,4,28,22,11,4,4,4,171680
cnn_20250610_1910_7296,95.8420%,96.8820%,90.4366%,93.5484%,17139,0.002,1024,50,,24,4,8,22,11,4,4,4,98880
cnn_20250610_1910_7498,95.7620%,94.0303%,93.2033%,93.6150%,5025,0.002,1024,50,,24,4,2,22,11,4,4,4,77040
cnn_20250610_1910_5135,95.8580%,95.8626%,91.5241%,93.6431%,9063,0.002,1024,50,,24,4,4,22,11,4,4,4,84320
cnn_20250610_1910_1943,96.5936%,95.0996%,94.6586%,94.8786%,75431,0.002,1024,50,,16,34,34,22,11,4,4,4,728020
cnn_20250610_1913_7618,96.4977%,96.2479%,93.1233%,94.6598%,71153,0.002,1024,50,,16,34,32,22,11,4,4,4,698900
cnn_20250610_1913_2256,96.6789%,95.4472%,94.5466%,94.9948%,54041,0.002,1024,50,,16,34,24,22,11,4,4,4,582420
cnn_20250610_1913_8911,96.4604%,96.6761%,92.5636%,94.5752%,36929,0.002,1024,50,,16,34,16,22,11,4,4,4,465940
cnn_20250610_1913_2529,96.5030%,96.4173%,92.9634%,94.6589%,62597,0.002,1024,50,,16,34,28,22,11,4,4,4,640660
cnn_20250610_1913_1764,96.2898%,96.2390%,92.4836%,94.3239%,28373,0.002,1024,50,,16,34,12,22,11,4,4,4,407700
cnn_20250610_1914_3229,96.2045%,96.3837%,92.0678%,94.1763%,11261,0.002,1024,50,,16,34,4,22,11,4,4,4,291220
cnn_20250610_1914_2738,96.6363%,96.0669%,93.7470%,94.8928%,19817,0.002,1024,50,,16,34,8,22,11,4,4,4,349460
cnn_20250610_1914_8156,96.3004%,96.1634%,92.5956%,94.3458%,6983,0.002,1024,50,,16,34,2,22,11,4,4,4,262100
cnn_20250610_1917_4055,96.4604%,94.8196%,94.5466%,94.6829%,53719,0.002,1024,50,,16,32,24,22,11,4,4,4,552540
cnn_20250610_1917_8555,96.4604%,97.2443%,91.9878%,94.5431%,75029,0.002,1024,50,,16,32,34,22,11,4,4,4,690860
cnn_20250610_1917_8610,96.5243%,96.8076%,92.6275%,94.6715%,70767,0.002,1024,50,,16,32,32,22,11,4,4,4,663200
cnn_20250610_1917_6461,96.6576%,95.9190%,93.9709%,94.9350%,62243,0.002,1024,50,,16,32,28,22,11,4,4,4,607870
cnn_20250610_1918_5831,96.3378%,96.5229%,92.3397%,94.3850%,28147,0.002,1024,50,,16,32,12,22,11,4,4,4,386560
cnn_20250610_1918_3712,96.5510%,95.2097%,94.4027%,94.8045%,19623,0.002,1024,50,,16,32,8,22,11,4,4,4,331230
cnn_20250610_1918_1332,96.5297%,96.5282%,92.9314%,94.6957%,36671,0.002,1024,50,,16,32,16,22,11,4,4,4,441890
cnn_20250610_1918_1365,96.4710%,94.8788%,94.5146%,94.6964%,11099,0.002,1024,50,,16,32,4,22,11,4,4,4,275900
cnn_20250610_1921_8600,96.5830%,95.5372%,94.1468%,94.8369%,61535,0.002,1024,50,,16,28,28,22,11,4,4,4,542290
cnn_20250610_1921_6922,96.3538%,94.9911%,94.0189%,94.5025%,6837,0.002,1024,50,,16,32,2,22,11,4,4,4,248240
cnn_20250610_1921_3948,96.3004%,96.2710%,92.4836%,94.3393%,74225,0.002,1024,50,,16,28,34,22,11,4,4,4,616540
cnn_20250610_1921_7429,96.5243%,94.8152%,94.7545%,94.7848%,69995,0.002,1024,50,,16,28,32,22,11,4,4,4,591790
cnn_20250610_1921_1626,96.6629%,95.3717%,94.5786%,94.9735%,36155,0.002,1024,50,,16,28,16,22,11,4,4,4,393780
cnn_20250610_1921_3666,96.5776%,95.9240%,93.7150%,94.8067%,53075,0.002,1024,50,,16,28,24,22,11,4,4,4,492780
cnn_20250610_1922_4931,96.4071%,96.0390%,93.0593%,94.5257%,27695,0.002,1024,50,,16,28,12,22,11,4,4,4,344270
cnn_20250610_1922_7247,96.4177%,94.9718%,94.2428%,94.6059%,19235,0.002,1024,50,,16,28,8,22,11,4,4,4,294770
cnn_20250610_1925_3672,96.2311%,95.6686%,92.8994%,94.2637%,10775,0.002,1024,50,,16,28,4,22,11,4,4,4,245260
cnn_20250610_1925_4908,96.2258%,95.5180%,93.0433%,94.2644%,6545,0.002,1024,50,,16,28,2,22,11,4,4,4,220510
cnn_20250610_1925_5702,96.6736%,96.4822%,93.4272%,94.9301%,73421,0.002,1024,50,,16,24,34,22,11,4,4,4,542220
cnn_20250610_1925_4835,96.5723%,95.4177%,94.2428%,94.8266%,69223,0.002,1024,50,,16,24,32,22,11,4,4,4,520380
cnn_20250610_1925_8202,96.3644%,95.3591%,93.6510%,94.4973%,35639,0.002,1024,50,,16,24,16,22,11,4,4,4,345660
cnn_20250610_1925_5287,96.3591%,95.8210%,93.1393%,94.4611%,52431,0.002,1024,50,,16,24,24,22,11,4,4,4,433020
cnn_20250610_1925_4256,96.5297%,96.8551%,92.5956%,94.6775%,60827,0.002,1024,50,,16,24,28,22,11,4,4,4,476700
cnn_20250610_1925_7217,96.2152%,96.4471%,92.0358%,94.1899%,27243,0.002,1024,50,,16,24,12,22,11,4,4,4,301980
cnn_20250610_1928_7649,96.3431%,95.1354%,93.8270%,94.4767%,18847,0.002,1024,50,,16,24,8,22,11,4,4,4,258300
cnn_20250610_1929_2754,96.3004%,95.4687%,93.3312%,94.3878%,10451,0.002,1024,50,,16,24,4,22,11,4,4,4,214620
cnn_20250610_1929_8273,96.0286%,95.1772%,92.7875%,93.9671%,6253,0.002,1024,50,,16,24,2,22,11,4,4,4,192780
cnn_20250610_1929_8426,96.5776%,96.5798%,93.0273%,94.7703%,72617,0.002,1024,50,,16,20,34,22,11,4,4,4,467900
cnn_20250610_1929_9290,96.5883%,97.0968%,92.5316%,94.7593%,60119,0.002,1024,50,,16,20,28,22,11,4,4,4,411120
cnn_20250610_1929_8901,96.2471%,93.6585%,95.1863%,94.4162%,68451,0.002,1024,50,,16,20,32,22,11,4,4,4,448980
cnn_20250610_1929_4042,96.2845%,96.2230%,92.4836%,94.3162%,35123,0.002,1024,50,,16,20,16,22,11,4,4,4,297550
cnn_20250610_1929_5365,96.5670%,96.6406%,92.9314%,94.7497%,51787,0.002,1024,50,,16,20,24,22,11,4,4,4,373260
cnn_20250610_1932_7696,96.5083%,96.4641%,92.9314%,94.6648%,26791,0.002,1024,50,,16,20,12,22,11,4,4,4,259700
cnn_20250610_1932_3714,96.3324%,95.2807%,93.6351%,94.4507%,18459,0.002,1024,50,,16,20,8,22,11,4,4,4,221840
cnn_20250610_1932_8428,95.9753%,94.0263%,93.8909%,93.9586%,5961,0.002,1024,50,,16,20,2,22,11,4,4,4,165060
cnn_20250610_1933_4434,96.2791%,95.3173%,93.4272%,94.3628%,10127,0.002,1024,50,,16,20,4,22,11,4,4,4,183980
cnn_20250610_1933_7349,96.3484%,94.8165%,94.1948%,94.5046%,67679,0.002,1024,50,,16,16,32,22,11,4,4,4,377570
cnn_20250610_1933_1778,96.1085%,94.1911%,94.1308%,94.1609%,71813,0.002,1024,50,,16,16,34,22,11,4,4,4,393580
cnn_20250610_1933_2513,96.4977%,95.2604%,94.1788%,94.7165%,59411,0.002,1024,50,,16,16,28,22,11,4,4,4,345540
cnn_20250610_1933_7807,96.3804%,95.7185%,93.3152%,94.5016%,51143,0.002,1024,50,,16,16,24,22,11,4,4,4,313500
cnn_20250610_1936_5620,96.4764%,96.1691%,93.1393%,94.6299%,34607,0.002,1024,50,,16,16,16,22,11,4,4,4,249440
cnn_20250610_1936_3307,96.2311%,95.6386%,92.9314%,94.2656%,26339,0.002,1024,50,,16,16,12,22,11,4,4,4,217410
cnn_20250610_1936_1330,96.4764%,95.4486%,93.9069%,94.6715%,9803,0.002,1024,50,,16,16,4,22,11,4,4,4,153340
cnn_20250610_1936_9627,96.0552%,96.1030%,91.8919%,93.9503%,18071,0.002,1024,50,,16,16,8,22,11,4,4,4,185380
cnn_20250610_1937_5377,96.0072%,96.3300%,91.5081%,93.8571%,5669,0.002,1024,50,,16,16,2,22,11,4,4,4,137330
cnn_20250610_1937_3110,96.1299%,95.8825%,92.3557%,94.0860%,66135,0.002,1024,50,,16,8,32,22,11,4,4,4,234750
cnn_20250610_1937_4340,96.2791%,95.8560%,92.8514%,94.3298%,70205,0.002,1024,50,,16,8,34,22,11,4,4,4,244940
cnn_20250610_1937_6597,96.4231%,95.6792%,93.4911%,94.5725%,57995,0.002,1024,50,,16,8,28,22,11,4,4,4,214370
cnn_20250610_1940_8144,96.2845%,95.1854%,93.5871%,94.3795%,49855,0.002,1024,50,,16,8,24,22,11,4,4,4,193980
cnn_20250610_1940_9449,96.1672%,95.5099%,92.8674%,94.1701%,25435,0.002,1024,50,,16,8,12,22,11,4,4,4,132830
cnn_20250610_1940_8094,95.9699%,96.3100%,91.4121%,93.7972%,33575,0.002,1024,50,,16,8,16,22,11,4,4,4,153220
cnn_20250610_1940_9638,96.1139%,95.7285%,92.4676%,94.0698%,17295,0.002,1024,50,,16,8,8,22,11,4,4,4,112450
cnn_20250610_1940_5435,96.2311%,95.5337%,93.0433%,94.2721%,9155,0.002,1024,50,,16,8,4,22,11,4,4,4,92060
cnn_20250610_1940_8224,95.7780%,95.6224%,91.5241%,93.5284%,5085,0.002,1024,50,,16,8,2,22,11,4,4,4,81870
cnn_20250610_1940_6487,95.8580%,95.3612%,92.0518%,93.6773%,69401,0.002,1024,50,,16,4,34,22,11,4,4,4,170620
cnn_20250610_1941_8505,95.8686%,96.9811%,90.4206%,93.5860%,65363,0.002,1024,50,,16,4,32,22,11,4,4,4,163340
cnn_20250610_1943_1796,95.6767%,96.7365%,90.0688%,93.2836%,57287,0.002,1024,50,,16,4,28,22,11,4,4,4,148780
cnn_20250610_1944_7997,95.9593%,95.9833%,91.7160%,93.8011%,24983,0.002,1024,50,,16,4,12,22,11,4,4,4,90540
cnn_20250610_1944_3266,96.0606%,95.1671%,92.8994%,94.0196%,49211,0.002,1024,50,,16,4,24,22,11,4,4,4,134220
cnn_20250610_1944_6330,95.5914%,96.6151%,89.9248%,93.1500%,33059,0.002,1024,50,,16,4,16,22,11,4,4,4,105100
cnn_20250610_1944_2305,95.7300%,94.7913%,92.2597%,93.5084%,8831,0.002,1024,50,,16,4,4,22,11,4,4,4,61420
cnn_20250610_1944_2484,95.8793%,95.9886%,91.4601%,93.6696%,16907,0.002,1024,50,,16,4,8,22,11,4,4,4,75980
cnn_20250610_1944_1316,95.8313%,94.9253%,92.4356%,93.6639%,4793,0.002,1024,50,,16,4,2,22,11,4,4,4,54140
cnn_20250610_1945_2342,96.3058%,96.3025%,92.4676%,94.3461%,74239,0.002,1024,50,,8,34,34,22,11,4,4,4,614890
cnn_20250610_1947_5516,96.3271%,96.3203%,92.5156%,94.3796%,69961,0.002,1024,50,,8,34,32,22,11,4,4,4,585770
cnn_20250610_1947_9015,96.3751%,95.7929%,93.2193%,94.4886%,61405,0.002,1024,50,,8,34,28,22,11,4,4,4,527530
cnn_20250610_1947_7560,96.0446%,96.7906%,91.1562%,93.8890%,52849,0.002,1024,50,,8,34,24,22,11,4,4,4,469290
cnn_20250610_1947_5784,96.1405%,94.7547%,93.6031%,94.1754%,35737,0.002,1024,50,,8,34,16,22,11,4,4,4,352810
cnn_20250610_1948_1939,96.3164%,96.6298%,92.1638%,94.3439%,18625,0.002,1024,50,,8,34,8,22,11,4,4,4,236330
cnn_20250610_1948_3255,95.9220%,96.5874%,90.9803%,93.7001%,10069,0.002,1024,50,,8,34,4,22,11,4,4,4,178090
cnn_20250610_1948_6915,96.2631%,96.7340%,91.8919%,94.2508%,27181,0.002,1024,50,,8,34,12,22,11,4,4,4,294570
cnn_20250610_1948_5223,96.0392%,96.1938%,91.7480%,93.9183%,5791,0.002,1024,50,,8,34,2,22,11,4,4,4,148970
cnn_20250610_1951_7040,96.2205%,94.8980%,93.6990%,94.2947%,61115,0.002,1024,50,,8,32,28,22,11,4,4,4,500750
cnn_20250610_1951_6922,96.2471%,96.6224%,91.9559%,94.2314%,73901,0.002,1024,50,,8,32,34,22,11,4,4,4,583740
cnn_20250610_1951_8277,95.8153%,97.2683%,89.9728%,93.4784%,69639,0.002,1024,50,,8,32,32,22,11,4,4,4,556080
cnn_20250610_1951_3848,96.2045%,95.9377%,92.5316%,94.2038%,52591,0.002,1024,50,,8,32,24,22,11,4,4,4,445420
cnn_20250610_1952_8684,96.2311%,95.2070%,93.3952%,94.2924%,27019,0.002,1024,50,,8,32,12,22,11,4,4,4,279440
cnn_20250610_1952_1507,96.2951%,96.2088%,92.5316%,94.3344%,35543,0.002,1024,50,,8,32,16,22,11,4,4,4,334770
cnn_20250610_1952_8394,96.1938%,94.2624%,94.3227%,94.2926%,18495,0.002,1024,50,,8,32,8,22,11,4,4,4,224110
cnn_20250610_1955_6028,95.9806%,95.0959%,92.7235%,93.8947%,5709,0.002,1024,50,,8,32,2,22,11,4,4,4,141120
cnn_20250610_1955_7771,96.2685%,96.4842%,92.1638%,94.2745%,68995,0.002,1024,50,,8,28,32,22,11,4,4,4,496700
cnn_20250610_1955_5706,96.0552%,94.1676%,93.9869%,94.0772%,73225,0.002,1024,50,,8,28,34,22,11,4,4,4,521460
cnn_20250610_1955_7154,96.0072%,93.4481%,94.6586%,94.0494%,60535,0.002,1024,50,,8,28,28,22,11,4,4,4,447200
cnn_20250610_1955_6126,96.2258%,96.1699%,92.3557%,94.2242%,52075,0.002,1024,50,,8,28,24,22,11,4,4,4,397700
cnn_20250610_1955_2699,96.0712%,95.0359%,93.0753%,94.0454%,26695,0.002,1024,50,,8,28,12,22,11,4,4,4,249180
cnn_20250610_1955_7382,96.2205%,96.2308%,92.2757%,94.2118%,35155,0.002,1024,50,,8,28,16,22,11,4,4,4,298690
cnn_20250610_1956_9772,96.2045%,95.5749%,92.9154%,94.2264%,18235,0.002,1024,50,,8,28,8,22,11,4,4,4,199680
cnn_20250610_1959_8990,95.8846%,94.8454%,92.6915%,93.7561%,9775,0.002,1024,50,,8,28,4,22,11,4,4,4,150180
cnn_20250610_1959_8026,96.3004%,96.1328%,92.6275%,94.3476%,72549,0.002,1024,50,,8,24,34,22,11,4,4,4,459170
cnn_20250610_1959_3793,96.3591%,95.7307%,93.2352%,94.4665%,68351,0.002,1024,50,,8,24,32,22,11,4,4,4,437330
cnn_20250610_1959_6611,96.0232%,95.4298%,92.4996%,93.9419%,5545,0.002,1024,50,,8,28,2,22,11,4,4,4,125420
cnn_20250610_1959_2878,96.4017%,95.8566%,93.2352%,94.5278%,59955,0.002,1024,50,,8,24,28,22,11,4,4,4,393650
cnn_20250610_1959_2955,96.2951%,95.5126%,93.2672%,94.3766%,34767,0.002,1024,50,,8,24,16,22,11,4,4,4,262610
cnn_20250610_1959_2156,96.0979%,94.9813%,93.2193%,94.0920%,51559,0.002,1024,50,,8,24,24,22,11,4,4,4,349970
cnn_20250610_1959_7999,96.0979%,95.3359%,92.8354%,94.0690%,26371,0.002,1024,50,,8,24,12,22,11,4,4,4,218930
cnn_20250610_2003_2856,96.2471%,96.3886%,92.1957%,94.2455%,17975,0.002,1024,50,,8,24,8,22,11,4,4,4,175250
cnn_20250610_2003_7578,95.9593%,94.0799%,93.7790%,93.9292%,5381,0.002,1024,50,,8,24,2,22,11,4,4,4,109730
cnn_20250610_2003_3756,96.1458%,95.8997%,92.3877%,94.1109%,9579,0.002,1024,50,,8,24,4,22,11,4,4,4,131570
cnn_20250610_2003_6795,96.2365%,95.7447%,92.8354%,94.2676%,51043,0.002,1024,50,,8,20,24,22,11,4,4,4,302240
cnn_20250610_2003_3250,96.0392%,95.6126%,92.3557%,93.9559%,59375,0.002,1024,50,,8,20,28,22,11,4,4,4,340100
cnn_20250610_2003_7072,96.1938%,97.0284%,91.3801%,94.1196%,71873,0.002,1024,50,,8,20,34,22,11,4,4,4,396880
cnn_20250610_2003_5184,96.1139%,94.4194%,93.8909%,94.1544%,67707,0.002,1024,50,,8,20,32,22,11,4,4,4,377950
cnn_20250610_2003_8190,96.3591%,96.2164%,92.7235%,94.4377%,34379,0.002,1024,50,,8,20,16,22,11,4,4,4,226530
cnn_20250610_2006_6638,96.3431%,95.7888%,93.1233%,94.4372%,26047,0.002,1024,50,,8,20,12,22,11,4,4,4,188670
cnn_20250610_2007_2978,96.1618%,95.7197%,92.6275%,94.1482%,17715,0.002,1024,50,,8,20,8,22,11,4,4,4,150820
cnn_20250610_2007_9805,95.7354%,92.5285%,94.8665%,93.6829%,9383,0.002,1024,50,,8,20,4,22,11,4,4,4,112960
cnn_20250610_2007_1416,95.9006%,96.0222%,91.4921%,93.7024%,5217,0.002,1024,50,,8,20,2,22,11,4,4,4,94030
cnn_20250610_2007_6416,96.4177%,95.4553%,93.7150%,94.5771%,67063,0.002,1024,50,,8,16,32,22,11,4,4,4,318580
cnn_20250610_2007_5488,96.2525%,96.0199%,92.5956%,94.2766%,71197,0.002,1024,50,,8,16,34,22,11,4,4,4,334590
cnn_20250610_2007_3452,96.0232%,96.2851%,91.6040%,93.8862%,58795,0.002,1024,50,,8,16,28,22,11,4,4,4,286540
cnn_20250610_2007_3924,96.2791%,94.7912%,94.0029%,94.3954%,50527,0.002,1024,50,,8,16,24,22,11,4,4,4,254510
cnn_20250610_2010_2306,96.1672%,95.7658%,92.5956%,94.1540%,33991,0.002,1024,50,,8,16,16,22,11,4,4,4,190450
cnn_20250610_2010_7385,95.7993%,96.6536%,90.5325%,93.4930%,9187,0.002,1024,50,,8,16,4,22,11,4,4,4,94350
cnn_20250610_2010_6654,96.1512%,96.6279%,91.6520%,94.0742%,25723,0.002,1024,50,,8,16,12,22,11,4,4,4,158420
cnn_20250610_2011_9121,95.9539%,94.7832%,92.9794%,93.8726%,69845,0.002,1024,50,,8,8,34,22,11,4,4,4,210020
cnn_20250610_2011_7141,95.5861%,92.6159%,94.2747%,93.4379%,17455,0.002,1024,50,,8,16,8,22,11,4,4,4,126380
cnn_20250610_2011_3121,95.7620%,94.1729%,93.0433%,93.6047%,5053,0.002,1024,50,,8,16,2,22,11,4,4,4,78340
cnn_20250610_2011_9795,95.7194%,93.1717%,94.0509%,93.6092%,57635,0.002,1024,50,,8,8,28,22,11,4,4,4,179440
cnn_20250610_2011_9593,95.9966%,95.2914%,92.5636%,93.9077%,65775,0.002,1024,50,,8,8,32,22,11,4,4,4,199820
cnn_20250610_2014_6452,95.7194%,96.5335%,90.4046%,93.3686%,49495,0.002,1024,50,,8,8,24,22,11,4,4,4,159060
cnn_20250610_2014_1199,96.0126%,95.2342%,92.6755%,93.9374%,33215,0.002,1024,50,,8,8,16,22,11,4,4,4,118290
cnn_20250610_2014_8236,95.8473%,94.2737%,93.2033%,93.7354%,25075,0.002,1024,50,,8,8,12,22,11,4,4,4,97900
cnn_20250610_2014_3800,95.6554%,95.9912%,90.7564%,93.3005%,16935,0.002,1024,50,,8,8,8,22,11,4,4,4,77520
cnn_20250610_2014_5374,95.7034%,96.2315%,90.6605%,93.3630%,8795,0.002,1024,50,,8,8,4,22,11,4,4,4,57140
cnn_20250610_2015_2231,95.5328%,95.9132%,90.4526%,93.1029%,4725,0.002,1024,50,,8,8,2,22,11,4,4,4,46940
cnn_20250610_2015_3556,95.5062%,93.3077%,93.2033%,93.2555%,69169,0.002,1024,50,,8,4,34,22,11,4,4,4,147730
cnn_20250610_2015_9793,95.3089%,93.8469%,91.9559%,92.8918%,65131,0.002,1024,50,,8,4,32,22,11,4,4,4,140450
cnn_20250610_2018_2948,95.8527%,95.1063%,92.3077%,93.6861%,48979,0.002,1024,50,,8,4,24,22,11,4,4,4,111330
cnn_20250610_2018_1613,95.5381%,93.7904%,92.7555%,93.2701%,57055,0.002,1024,50,,8,4,28,22,11,4,4,4,125890
cnn_20250610_2018_9623,95.7780%,93.5417%,93.8110%,93.6761%,32827,0.002,1024,50,,8,4,16,22,11,4,4,4,82210
cnn_20250610_2018_4427,95.7141%,95.6595%,91.2842%,93.4206%,24751,0.002,1024,50,,8,4,12,22,11,4,4,4,67650
cnn_20250610_2018_6266,95.7834%,95.6231%,91.5401%,93.5371%,16675,0.002,1024,50,,8,4,8,22,11,4,4,4,53090
cnn_20250610_2018_7045,95.6927%,95.3070%,91.5880%,93.4105%,8599,0.002,1024,50,,8,4,4,22,11,4,4,4,38530
cnn_20250610_2019_6036,95.2769%,94.7772%,90.8364%,92.7650%,4561,0.002,1024,50,,8,4,2,22,11,4,4,4,31250